regatta_id,race_no,race_id,date,start_time,event,round,distance_m,lane,seed,team_name,team_id,place,time,page
2025_PICKERING_DRAGON_BOAT_FESTIVAL,1,2025_PICKERING_DRAGON_BOAT_FESTIVAL-1,2025-06-08,8:24,SPORT MIXED,QUALIFYING,500,1,,NDUC Diamond Ducks,,5,02:28.0,
2025_PICKERING_DRAGON_BOAT_FESTIVAL,1,2025_PICKERING_DRAGON_BOAT_FESTIVAL-1,2025-06-08,8:24,SPORT MIXED,QUALIFYING,500,2,,RC Liquid Assets Bulls,,4,02:19.3,
2025_PICKERING_DRAGON_BOAT_FESTIVAL,1,2025_PICKERING_DRAGON_BOAT_FESTIVAL-1,2025-06-08,8:24,SPORT MIXED,QUALIFYING,500,3,,Holy Mac-Row,,3,02:08.6,
2025_PICKERING_DRAGON_BOAT_FESTIVAL,1,2025_PICKERING_DRAGON_BOAT_FESTIVAL-1,2025-06-08,8:24,SPORT MIXED,QUALIFYING,500,4,,22D Chaporillas,,1,02:04.1,
2025_PICKERING_DRAGON_BOAT_FESTIVAL,1,2025_PICKERING_DRAGON_BOAT_FESTIVAL-1,2025-06-08,8:24,SPORT MIXED,QUALIFYING,500,5,,True North Hammerheads,,2,02:04.7,
2025_PICKERING_DRAGON_BOAT_FESTIVAL,2,2025_PICKERING_DRAGON_BOAT_FESTIVAL-2,2025-06-08,8:36,SPORT MIXED,QUALIFYING,500,1,,True North Leviathan Black,,2,02:12.2,
2025_PICKERING_DRAGON_BOAT_FESTIVAL,2,2025_PICKERING_DRAGON_BOAT_FESTIVAL-2,2025-06-08,8:36,SPORT MIXED,QUALIFYING,500,2,,Iron Dragons Blue,,4,02:17.5,
2025_PICKERING_DRAGON_BOAT_FESTIVAL,2,2025_PICKERING_DRAGON_BOAT_FESTIVAL-2,2025-06-08,8:36,SPORT MIXED,QUALIFYING,500,3,,Holy Mac-a-Row-ni,,5,02:19.5,
2025_PICKERING_DRAGON_BOAT_FESTIVAL,2,2025_PICKERING_DRAGON_BOAT_FESTIVAL-2,2025-06-08,8:36,SPORT MIXED,QUALIFYING,500,4,,NDUC Jade Dragons,,3,02:12.5,
2025_PICKERING_DRAGON_BOAT_FESTIVAL,2,2025_PICKERING_DRAGON_BOAT_FESTIVAL-2,2025-06-08,8:36,SPORT MIXED,QUALIFYING,500,5,,NDRC Yellow,,1,02:10.5,
2025_PICKERING_DRAGON_BOAT_FESTIVAL,3,2025_PICKERING_DRAGON_BOAT_FESTIVAL-3,2025-06-08,8:48,SPORT MIXED,QUALIFYING,500,2,,RC Liquid Assets Bears,,4,02:24.4,
2025_PICKERING_DRAGON_BOAT_FESTIVAL,3,2025_PICKERING_DRAGON_BOAT_FESTIVAL-3,2025-06-08,8:48,SPORT MIXED,QUALIFYING,500,3,,EVO CSDC Sr B,,3,02:12.9,
2025_PICKERING_DRAGON_BOAT_FESTIVAL,3,2025_PICKERING_DRAGON_BOAT_FESTIVAL-3,2025-06-08,8:48,SPORT MIXED,QUALIFYING,500,4,,Liquid LaPrem,,2,02:12.3,
2025_PICKERING_DRAGON_BOAT_FESTIVAL,3,2025_PICKERING_DRAGON_BOAT_FESTIVAL-3,2025-06-08,8:48,SPORT MIXED,QUALIFYING,500,5,,NDRC Green,,1,02:05.1,
2025_PICKERING_DRAGON_BOAT_FESTIVAL,4,2025_PICKERING_DRAGON_BOAT_FESTIVAL-4,2025-06-08,9:00,SPORT MIXED,QUALIFYING,500,2,,Iron Dragons Gold,,3,02:16.7,
2025_PICKERING_DRAGON_BOAT_FESTIVAL,4,2025_PICKERING_DRAGON_BOAT_FESTIVAL-4,2025-06-08,9:00,SPORT MIXED,QUALIFYING,500,3,,NDUC Golden Hydras,,4,02:17.7,
2025_PICKERING_DRAGON_BOAT_FESTIVAL,4,2025_PICKERING_DRAGON_BOAT_FESTIVAL-4,2025-06-08,9:00,SPORT MIXED,QUALIFYING,500,4,,22D True Grit,,2,02:12.3,
2025_PICKERING_DRAGON_BOAT_FESTIVAL,4,2025_PICKERING_DRAGON_BOAT_FESTIVAL-4,2025-06-08,9:00,SPORT MIXED,QUALIFYING,500,5,,PDBC Premier Mixed,,1,02:10.7,
2025_PICKERING_DRAGON_BOAT_FESTIVAL,5,2025_PICKERING_DRAGON_BOAT_FESTIVAL-5,2025-06-08,9:12,YOUTH MIXED,QUALIFYING,500,1,,The Goons,,4,02:54.9,
2025_PICKERING_DRAGON_BOAT_FESTIVAL,5,2025_PICKERING_DRAGON_BOAT_FESTIVAL-5,2025-06-08,9:12,YOUTH MIXED,QUALIFYING,500,2,,Port Union Paddlers - Ruff Waters,,3,02:48.9,
2025_PICKERING_DRAGON_BOAT_FESTIVAL,5,2025_PICKERING_DRAGON_BOAT_FESTIVAL-5,2025-06-08,9:12,YOUTH MIXED,QUALIFYING,500,3,,Kevin,,6,03:02.6,
2025_PICKERING_DRAGON_BOAT_FESTIVAL,5,2025_PICKERING_DRAGON_BOAT_FESTIVAL-5,2025-06-08,9:12,YOUTH MIXED,QUALIFYING,500,4,,Port Union Paddles - Splash Hounds,,5,02:56.4,
2025_PICKERING_DRAGON_BOAT_FESTIVAL,5,2025_PICKERING_DRAGON_BOAT_FESTIVAL-5,2025-06-08,9:12,YOUTH MIXED,QUALIFYING,500,5,,Carpio,,2,02:40.8,
2025_PICKERING_DRAGON_BOAT_FESTIVAL,5,2025_PICKERING_DRAGON_BOAT_FESTIVAL-5,2025-06-08,9:12,YOUTH MIXED,QUALIFYING,500,6,,22D Juniors,,1,02:24.9,
2025_PICKERING_DRAGON_BOAT_FESTIVAL,6,2025_PICKERING_DRAGON_BOAT_FESTIVAL-6,2025-06-08,9:36,SPORT MIXED,FINAL,200,1,,NDRC Yellow,,4,00:47.9,
2025_PICKERING_DRAGON_BOAT_FESTIVAL,6,2025_PICKERING_DRAGON_BOAT_FESTIVAL-6,2025-06-08,9:36,SPORT MIXED,FINAL,200,2,,Holy Mac-Row,,5,00:49.1,
2025_PICKERING_DRAGON_BOAT_FESTIVAL,6,2025_PICKERING_DRAGON_BOAT_FESTIVAL-6,2025-06-08,9:36,SPORT MIXED,FINAL,200,3,,NDRC Green,,1,00:44.8,
2025_PICKERING_DRAGON_BOAT_FESTIVAL,6,2025_PICKERING_DRAGON_BOAT_FESTIVAL-6,2025-06-08,9:36,SPORT MIXED,FINAL,200,4,,True North Hammerheads,,3,00:45.9,
2025_PICKERING_DRAGON_BOAT_FESTIVAL,6,2025_PICKERING_DRAGON_BOAT_FESTIVAL-6,2025-06-08,9:36,SPORT MIXED,FINAL,200,5,,22D Chaporillas,,2,00:44.9,
2025_PICKERING_DRAGON_BOAT_FESTIVAL,7,2025_PICKERING_DRAGON_BOAT_FESTIVAL-7,2025-06-08,9:46,SPORT MIXED,FINAL,200,1,,NDUC Jade Dragons,,2,00:49.5,
2025_PICKERING_DRAGON_BOAT_FESTIVAL,7,2025_PICKERING_DRAGON_BOAT_FESTIVAL-7,2025-06-08,9:46,SPORT MIXED,FINAL,200,2,,Liquid LaPrem,,4,00:50.2,
2025_PICKERING_DRAGON_BOAT_FESTIVAL,7,2025_PICKERING_DRAGON_BOAT_FESTIVAL-7,2025-06-08,9:46,SPORT MIXED,FINAL,200,3,,22D True Grit,,5,00:50.5,
2025_PICKERING_DRAGON_BOAT_FESTIVAL,7,2025_PICKERING_DRAGON_BOAT_FESTIVAL-7,2025-06-08,9:46,SPORT MIXED,FINAL,200,4,,True North Leviathan Black,,3,00:49.8,
2025_PICKERING_DRAGON_BOAT_FESTIVAL,7,2025_PICKERING_DRAGON_BOAT_FESTIVAL-7,2025-06-08,9:46,SPORT MIXED,FINAL,200,5,,PDBC Premier Mixed,,1,00:48.5,
2025_PICKERING_DRAGON_BOAT_FESTIVAL,8,2025_PICKERING_DRAGON_BOAT_FESTIVAL-8,2025-06-08,9:56,SPORT MIXED,FINAL,200,1,,RC Liquid Assets Bulls,,5,00:53.5,
2025_PICKERING_DRAGON_BOAT_FESTIVAL,8,2025_PICKERING_DRAGON_BOAT_FESTIVAL-8,2025-06-08,9:56,SPORT MIXED,FINAL,200,2,,NDUC Golden Hydras,,4,00:52.2,
2025_PICKERING_DRAGON_BOAT_FESTIVAL,8,2025_PICKERING_DRAGON_BOAT_FESTIVAL-8,2025-06-08,9:56,SPORT MIXED,FINAL,200,3,,Iron Dragons Blue,,3,00:51.7,
2025_PICKERING_DRAGON_BOAT_FESTIVAL,8,2025_PICKERING_DRAGON_BOAT_FESTIVAL-8,2025-06-08,9:56,SPORT MIXED,FINAL,200,4,,Iron Dragons Gold,,2,00:51.0,
2025_PICKERING_DRAGON_BOAT_FESTIVAL,8,2025_PICKERING_DRAGON_BOAT_FESTIVAL-8,2025-06-08,9:56,SPORT MIXED,FINAL,200,5,,EVO CSDC Sr B,,1,00:50.8,
2025_PICKERING_DRAGON_BOAT_FESTIVAL,9,2025_PICKERING_DRAGON_BOAT_FESTIVAL-9,2025-06-08,10:06,SPORT MIXED,FINAL,200,3,,NDUC Diamond Ducks,,3,00:55.9,
2025_PICKERING_DRAGON_BOAT_FESTIVAL,9,2025_PICKERING_DRAGON_BOAT_FESTIVAL-9,2025-06-08,10:06,SPORT MIXED,FINAL,200,4,,RC Liquid Assets Bears,,2,00:53.9,
2025_PICKERING_DRAGON_BOAT_FESTIVAL,9,2025_PICKERING_DRAGON_BOAT_FESTIVAL-9,2025-06-08,10:06,SPORT MIXED,FINAL,200,5,,Holy Mac-a-Row-ni,,1,00:52.2,
2025_PICKERING_DRAGON_BOAT_FESTIVAL,10,2025_PICKERING_DRAGON_BOAT_FESTIVAL-10,2025-06-08,10:16,YOUTH MIXED,FINAL,200,1,,Kevin,,6,01:04.9,
2025_PICKERING_DRAGON_BOAT_FESTIVAL,10,2025_PICKERING_DRAGON_BOAT_FESTIVAL-10,2025-06-08,10:16,YOUTH MIXED,FINAL,200,2,,Port Union Paddles - Splash Hounds,,5,01:02.5,
2025_PICKERING_DRAGON_BOAT_FESTIVAL,10,2025_PICKERING_DRAGON_BOAT_FESTIVAL-10,2025-06-08,10:16,YOUTH MIXED,FINAL,200,3,,The Goons,,4,01:02.1,
2025_PICKERING_DRAGON_BOAT_FESTIVAL,10,2025_PICKERING_DRAGON_BOAT_FESTIVAL-10,2025-06-08,10:16,YOUTH MIXED,FINAL,200,4,,Port Union Paddlers - Ruff Waters,,3,01:01.1,
2025_PICKERING_DRAGON_BOAT_FESTIVAL,10,2025_PICKERING_DRAGON_BOAT_FESTIVAL-10,2025-06-08,10:16,YOUTH MIXED,FINAL,200,5,,Carpio,,2,00:58.6,
2025_PICKERING_DRAGON_BOAT_FESTIVAL,10,2025_PICKERING_DRAGON_BOAT_FESTIVAL-10,2025-06-08,10:16,YOUTH MIXED,FINAL,200,6,,22D Juniors,,1,00:53.3,
2025_PICKERING_DRAGON_BOAT_FESTIVAL,11,2025_PICKERING_DRAGON_BOAT_FESTIVAL-11,2025-06-08,10:36,SPORT MIXED A,FINAL,500,1,,NDRC Yellow,,5,02:11.2,
2025_PICKERING_DRAGON_BOAT_FESTIVAL,11,2025_PICKERING_DRAGON_BOAT_FESTIVAL-11,2025-06-08,10:36,SPORT MIXED A,FINAL,500,2,,Holy Mac-Row,,4,02:10.6,
2025_PICKERING_DRAGON_BOAT_FESTIVAL,11,2025_PICKERING_DRAGON_BOAT_FESTIVAL-11,2025-06-08,10:36,SPORT MIXED A,FINAL,500,3,,NDRC Green,,2,02:05.0,
2025_PICKERING_DRAGON_BOAT_FESTIVAL,11,2025_PICKERING_DRAGON_BOAT_FESTIVAL-11,2025-06-08,10:36,SPORT MIXED A,FINAL,500,4,,True North Hammerheads,,3,02:05.2,
2025_PICKERING_DRAGON_BOAT_FESTIVAL,11,2025_PICKERING_DRAGON_BOAT_FESTIVAL-11,2025-06-08,10:36,SPORT MIXED A,FINAL,500,5,,22D Chaporillas,,1,02:04.3,
2025_PICKERING_DRAGON_BOAT_FESTIVAL,12,2025_PICKERING_DRAGON_BOAT_FESTIVAL-12,2025-06-08,10:48,SPORT MIXED B,FINAL,500,1,,NDUC Jade Dragons,,5,02:14.8,
2025_PICKERING_DRAGON_BOAT_FESTIVAL,12,2025_PICKERING_DRAGON_BOAT_FESTIVAL-12,2025-06-08,10:48,SPORT MIXED B,FINAL,500,2,,Liquid LaPrem,,4,02:14.4,
2025_PICKERING_DRAGON_BOAT_FESTIVAL,12,2025_PICKERING_DRAGON_BOAT_FESTIVAL-12,2025-06-08,10:48,SPORT MIXED B,FINAL,500,3,,22D True Grit,,2,02:11.3,
2025_PICKERING_DRAGON_BOAT_FESTIVAL,12,2025_PICKERING_DRAGON_BOAT_FESTIVAL-12,2025-06-08,10:48,SPORT MIXED B,FINAL,500,4,,True North Leviathan Black,,3,02:12.2,
2025_PICKERING_DRAGON_BOAT_FESTIVAL,12,2025_PICKERING_DRAGON_BOAT_FESTIVAL-12,2025-06-08,10:48,SPORT MIXED B,FINAL,500,5,,PDBC Premier Mixed,,1,02:10.3,
2025_PICKERING_DRAGON_BOAT_FESTIVAL,13,2025_PICKERING_DRAGON_BOAT_FESTIVAL-13,2025-06-08,11:00,SPORT MIXED C,FINAL,500,1,,RC Liquid Assets Bulls,,5,02:25.0,
2025_PICKERING_DRAGON_BOAT_FESTIVAL,13,2025_PICKERING_DRAGON_BOAT_FESTIVAL-13,2025-06-08,11:00,SPORT MIXED C,FINAL,500,2,,NDUC Golden Hydras,,4,02:21.2,
2025_PICKERING_DRAGON_BOAT_FESTIVAL,13,2025_PICKERING_DRAGON_BOAT_FESTIVAL-13,2025-06-08,11:00,SPORT MIXED C,FINAL,500,3,,Iron Dragons Blue,,3,02:17.5,
2025_PICKERING_DRAGON_BOAT_FESTIVAL,13,2025_PICKERING_DRAGON_BOAT_FESTIVAL-13,2025-06-08,11:00,SPORT MIXED C,FINAL,500,4,,Iron Dragons Gold,,2,02:16.1,
2025_PICKERING_DRAGON_BOAT_FESTIVAL,13,2025_PICKERING_DRAGON_BOAT_FESTIVAL-13,2025-06-08,11:00,SPORT MIXED C,FINAL,500,5,,EVO CSDC Sr B,,1,02:15.0,
2025_PICKERING_DRAGON_BOAT_FESTIVAL,14,2025_PICKERING_DRAGON_BOAT_FESTIVAL-14,2025-06-08,11:12,SPORT MIXED D,FINAL,500,3,,NDUC Diamond Ducks,,3,02:28.0,
2025_PICKERING_DRAGON_BOAT_FESTIVAL,14,2025_PICKERING_DRAGON_BOAT_FESTIVAL-14,2025-06-08,11:12,SPORT MIXED D,FINAL,500,4,,RC Liquid Assets Bears,,2,02:21.8,
2025_PICKERING_DRAGON_BOAT_FESTIVAL,14,2025_PICKERING_DRAGON_BOAT_FESTIVAL-14,2025-06-08,11:12,SPORT MIXED D,FINAL,500,5,,Holy Mac-a-Row-ni,,1,02:14.5,
2025_PICKERING_DRAGON_BOAT_FESTIVAL,15,2025_PICKERING_DRAGON_BOAT_FESTIVAL-15,2025-06-08,11:24,YOUTH MIXED,FINAL,500,1,,Kevin,,6,03:10.2,
2025_PICKERING_DRAGON_BOAT_FESTIVAL,15,2025_PICKERING_DRAGON_BOAT_FESTIVAL-15,2025-06-08,11:24,YOUTH MIXED,FINAL,500,2,,Port Union Paddles - Splash Hounds,,4,02:55.1,
2025_PICKERING_DRAGON_BOAT_FESTIVAL,15,2025_PICKERING_DRAGON_BOAT_FESTIVAL-15,2025-06-08,11:24,YOUTH MIXED,FINAL,500,3,,The Goons,,5,03:03.2,
2025_PICKERING_DRAGON_BOAT_FESTIVAL,15,2025_PICKERING_DRAGON_BOAT_FESTIVAL-15,2025-06-08,11:24,YOUTH MIXED,FINAL,500,4,,Port Union Paddlers - Ruff Waters,,3,02:48.9,
2025_PICKERING_DRAGON_BOAT_FESTIVAL,15,2025_PICKERING_DRAGON_BOAT_FESTIVAL-15,2025-06-08,11:24,YOUTH MIXED,FINAL,500,5,,Carpio,,2,02:41.5,
2025_PICKERING_DRAGON_BOAT_FESTIVAL,15,2025_PICKERING_DRAGON_BOAT_FESTIVAL-15,2025-06-08,11:24,YOUTH MIXED,FINAL,500,6,,22D Juniors,,1,02:23.2,
2025_PICKERING_DRAGON_BOAT_FESTIVAL,16,2025_PICKERING_DRAGON_BOAT_FESTIVAL-16,2025-06-08,11:48,SPORT MIXED A,FINAL,2000,1,,Liquid LaPrem,,5,09:17.6,
2025_PICKERING_DRAGON_BOAT_FESTIVAL,16,2025_PICKERING_DRAGON_BOAT_FESTIVAL-16,2025-06-08,11:48,SPORT MIXED A,FINAL,2000,2,,NDUC Jade Dragons,,10,09:49.5,
2025_PICKERING_DRAGON_BOAT_FESTIVAL,16,2025_PICKERING_DRAGON_BOAT_FESTIVAL-16,2025-06-08,11:48,SPORT MIXED A,FINAL,2000,3,,22D True Grit,,7,09:22.7,
2025_PICKERING_DRAGON_BOAT_FESTIVAL,16,2025_PICKERING_DRAGON_BOAT_FESTIVAL-16,2025-06-08,11:48,SPORT MIXED A,FINAL,2000,4,,True North Leviathan Black,,8,09:25.1,
2025_PICKERING_DRAGON_BOAT_FESTIVAL,16,2025_PICKERING_DRAGON_BOAT_FESTIVAL-16,2025-06-08,11:48,SPORT MIXED A,FINAL,2000,5,,PDBC Premier Mixed,,4,09:12.7,
2025_PICKERING_DRAGON_BOAT_FESTIVAL,16,2025_PICKERING_DRAGON_BOAT_FESTIVAL-16,2025-06-08,11:48,SPORT MIXED A,FINAL,2000,6,,NDRC Yellow,,6,09:22.1,
2025_PICKERING_DRAGON_BOAT_FESTIVAL,16,2025_PICKERING_DRAGON_BOAT_FESTIVAL-16,2025-06-08,11:48,SPORT MIXED A,FINAL,2000,7,,Holy Mac-Row,,9,09:38.6,
2025_PICKERING_DRAGON_BOAT_FESTIVAL,16,2025_PICKERING_DRAGON_BOAT_FESTIVAL-16,2025-06-08,11:48,SPORT MIXED A,FINAL,2000,8,,True North Hammerheads,,2,08:53.4,
2025_PICKERING_DRAGON_BOAT_FESTIVAL,16,2025_PICKERING_DRAGON_BOAT_FESTIVAL-16,2025-06-08,11:48,SPORT MIXED A,FINAL,2000,9,,NDRC Green,,3,08:54.8,
2025_PICKERING_DRAGON_BOAT_FESTIVAL,16,2025_PICKERING_DRAGON_BOAT_FESTIVAL-16,2025-06-08,11:48,SPORT MIXED A,FINAL,2000,10,,22D Chaporillas,,1,08:45.7,
2025_PICKERING_DRAGON_BOAT_FESTIVAL,17,2025_PICKERING_DRAGON_BOAT_FESTIVAL-17,2025-06-08,13:08,SPORT WOMEN,QUALIFYING,500,1,,NDUC Vikings,,5,02:33.5,
2025_PICKERING_DRAGON_BOAT_FESTIVAL,17,2025_PICKERING_DRAGON_BOAT_FESTIVAL-17,2025-06-08,13:08,SPORT WOMEN,QUALIFYING,500,2,,RC Liquid Assets Women,,4,02:32.6,
2025_PICKERING_DRAGON_BOAT_FESTIVAL,17,2025_PICKERING_DRAGON_BOAT_FESTIVAL-17,2025-06-08,13:08,SPORT WOMEN,QUALIFYING,500,3,,Iron Dragons Women,,3,02:26.5,
2025_PICKERING_DRAGON_BOAT_FESTIVAL,17,2025_PICKERING_DRAGON_BOAT_FESTIVAL-17,2025-06-08,13:08,SPORT WOMEN,QUALIFYING,500,4,,PDBC Ignite Women,,2,02:19.1,
2025_PICKERING_DRAGON_BOAT_FESTIVAL,17,2025_PICKERING_DRAGON_BOAT_FESTIVAL-17,2025-06-08,13:08,SPORT WOMEN,QUALIFYING,500,5,,True North Premier Women,,1,02:12.7,
2025_PICKERING_DRAGON_BOAT_FESTIVAL,18,2025_PICKERING_DRAGON_BOAT_FESTIVAL-18,2025-06-08,13:21,SPORT WOMEN,QUALIFYING,500,2,,EVO CSDC Sr B,,4,02:24.8,
2025_PICKERING_DRAGON_BOAT_FESTIVAL,18,2025_PICKERING_DRAGON_BOAT_FESTIVAL-18,2025-06-08,13:21,SPORT WOMEN,QUALIFYING,500,3,,22D True Grit Women,,3,02:24.0,
2025_PICKERING_DRAGON_BOAT_FESTIVAL,18,2025_PICKERING_DRAGON_BOAT_FESTIVAL-18,2025-06-08,13:21,SPORT WOMEN,QUALIFYING,500,4,,True North Senior Women,,1,02:17.8,
2025_PICKERING_DRAGON_BOAT_FESTIVAL,18,2025_PICKERING_DRAGON_BOAT_FESTIVAL-18,2025-06-08,13:21,SPORT WOMEN,QUALIFYING,500,5,,NDRC Storm,,2,02:17.9,
2025_PICKERING_DRAGON_BOAT_FESTIVAL,19,2025_PICKERING_DRAGON_BOAT_FESTIVAL-19,2025-06-08,13:34,SPORT OPEN,QUALIFYING,500,1,,NDUC Valkyries,,5,02:10.4,
2025_PICKERING_DRAGON_BOAT_FESTIVAL,19,2025_PICKERING_DRAGON_BOAT_FESTIVAL-19,2025-06-08,13:34,SPORT OPEN,QUALIFYING,500,2,,RC Liquid Assets Open,,4,02:10.3,
2025_PICKERING_DRAGON_BOAT_FESTIVAL,19,2025_PICKERING_DRAGON_BOAT_FESTIVAL-19,2025-06-08,13:34,SPORT OPEN,QUALIFYING,500,3,,EVO CSDC Sr B,,3,02:06.5,
2025_PICKERING_DRAGON_BOAT_FESTIVAL,19,2025_PICKERING_DRAGON_BOAT_FESTIVAL-19,2025-06-08,13:34,SPORT OPEN,QUALIFYING,500,4,,Iron Dragons Open,,2,02:06.0,
2025_PICKERING_DRAGON_BOAT_FESTIVAL,19,2025_PICKERING_DRAGON_BOAT_FESTIVAL-19,2025-06-08,13:34,SPORT OPEN,QUALIFYING,500,5,,NDRC Orcas,,1,02:01.3,
2025_PICKERING_DRAGON_BOAT_FESTIVAL,20,2025_PICKERING_DRAGON_BOAT_FESTIVAL-20,2025-06-08,13:47,SPORT OPEN,QUALIFYING,500,2,,Liquid LaGoons,,3,02:04.4,
2025_PICKERING_DRAGON_BOAT_FESTIVAL,20,2025_PICKERING_DRAGON_BOAT_FESTIVAL-20,2025-06-08,13:47,SPORT OPEN,QUALIFYING,500,3,,22D True Grit Open,,4,02:04.9,
2025_PICKERING_DRAGON_BOAT_FESTIVAL,20,2025_PICKERING_DRAGON_BOAT_FESTIVAL-20,2025-06-08,13:47,SPORT OPEN,QUALIFYING,500,4,,PDBC Big Dogs Open,,2,02:04.1,
2025_PICKERING_DRAGON_BOAT_FESTIVAL,20,2025_PICKERING_DRAGON_BOAT_FESTIVAL-20,2025-06-08,13:47,SPORT OPEN,QUALIFYING,500,5,,True North SLP Premier Open,,1,02:03.5,
2025_PICKERING_DRAGON_BOAT_FESTIVAL,21,2025_PICKERING_DRAGON_BOAT_FESTIVAL-21,2025-06-08,14:13,SPORT WOMEN A,FINAL,200,1,,22D True Grit Women,,5,00:56.0,
2025_PICKERING_DRAGON_BOAT_FESTIVAL,21,2025_PICKERING_DRAGON_BOAT_FESTIVAL-21,2025-06-08,14:13,SPORT WOMEN A,FINAL,200,2,,PDBC Ignite Women,,4,00:53.8,
2025_PICKERING_DRAGON_BOAT_FESTIVAL,21,2025_PICKERING_DRAGON_BOAT_FESTIVAL-21,2025-06-08,14:13,SPORT WOMEN A,FINAL,200,3,,NDRC Storm,,2,00:52.3,
2025_PICKERING_DRAGON_BOAT_FESTIVAL,21,2025_PICKERING_DRAGON_BOAT_FESTIVAL-21,2025-06-08,14:13,SPORT WOMEN A,FINAL,200,4,,True North Senior Women,,3,00:52.4,
2025_PICKERING_DRAGON_BOAT_FESTIVAL,21,2025_PICKERING_DRAGON_BOAT_FESTIVAL-21,2025-06-08,14:13,SPORT WOMEN A,FINAL,200,5,,True North Premier Women,,1,00:51.4,
2025_PICKERING_DRAGON_BOAT_FESTIVAL,22,2025_PICKERING_DRAGON_BOAT_FESTIVAL-22,2025-06-08,14:26,SPORT WOMEN B,FINAL,200,2,,NDUC Vikings,,2,00:57.6,
2025_PICKERING_DRAGON_BOAT_FESTIVAL,22,2025_PICKERING_DRAGON_BOAT_FESTIVAL-22,2025-06-08,14:26,SPORT WOMEN B,FINAL,200,3,,RC Liquid Assets Women,,4,01:00.6,
2025_PICKERING_DRAGON_BOAT_FESTIVAL,22,2025_PICKERING_DRAGON_BOAT_FESTIVAL-22,2025-06-08,14:26,SPORT WOMEN B,FINAL,200,4,,Iron Dragons Women,,1,00:57.2,
2025_PICKERING_DRAGON_BOAT_FESTIVAL,22,2025_PICKERING_DRAGON_BOAT_FESTIVAL-22,2025-06-08,14:26,SPORT WOMEN B,FINAL,200,5,,EVO CSDC Sr B,,3,00:57.9,
2025_PICKERING_DRAGON_BOAT_FESTIVAL,23,2025_PICKERING_DRAGON_BOAT_FESTIVAL-23,2025-06-08,14:39,SPORT OPEN A,FINAL,200,1,,22D True Grit Open,,4,00:48.8,
2025_PICKERING_DRAGON_BOAT_FESTIVAL,23,2025_PICKERING_DRAGON_BOAT_FESTIVAL-23,2025-06-08,14:39,SPORT OPEN A,FINAL,200,2,,Liquid LaGoons,,5,00:49.3,
2025_PICKERING_DRAGON_BOAT_FESTIVAL,23,2025_PICKERING_DRAGON_BOAT_FESTIVAL-23,2025-06-08,14:39,SPORT OPEN A,FINAL,200,3,,PDBC Big Dogs Open,,3,00:48.0,
2025_PICKERING_DRAGON_BOAT_FESTIVAL,23,2025_PICKERING_DRAGON_BOAT_FESTIVAL-23,2025-06-08,14:39,SPORT OPEN A,FINAL,200,4,,True North SLP Premier Open,,2,00:47.1,
2025_PICKERING_DRAGON_BOAT_FESTIVAL,23,2025_PICKERING_DRAGON_BOAT_FESTIVAL-23,2025-06-08,14:39,SPORT OPEN A,FINAL,200,5,,NDRC Orcas,,1,00:46.3,
2025_PICKERING_DRAGON_BOAT_FESTIVAL,24,2025_PICKERING_DRAGON_BOAT_FESTIVAL-24,2025-06-08,14:52,SPORT OPEN B,FINAL,200,2,,NDUC Valkyries,,1,00:50.7,
2025_PICKERING_DRAGON_BOAT_FESTIVAL,24,2025_PICKERING_DRAGON_BOAT_FESTIVAL-24,2025-06-08,14:52,SPORT OPEN B,FINAL,200,3,,RC Liquid Assets Open,,4,00:52.5,
2025_PICKERING_DRAGON_BOAT_FESTIVAL,24,2025_PICKERING_DRAGON_BOAT_FESTIVAL-24,2025-06-08,14:52,SPORT OPEN B,FINAL,200,4,,EVO CSDC Sr B,,3,00:51.7,
2025_PICKERING_DRAGON_BOAT_FESTIVAL,24,2025_PICKERING_DRAGON_BOAT_FESTIVAL-24,2025-06-08,14:52,SPORT OPEN B,FINAL,200,5,,Iron Dragons Open,,2,00:50.8,
2025_PICKERING_DRAGON_BOAT_FESTIVAL,25,2025_PICKERING_DRAGON_BOAT_FESTIVAL-25,2025-06-08,15:18,SPORT WOMEN A,FINAL,500,1,,22D True Grit Women,,5,02:34.1,
2025_PICKERING_DRAGON_BOAT_FESTIVAL,25,2025_PICKERING_DRAGON_BOAT_FESTIVAL-25,2025-06-08,15:18,SPORT WOMEN A,FINAL,500,2,,PDBC Ignite Women,,4,02:30.0,
2025_PICKERING_DRAGON_BOAT_FESTIVAL,25,2025_PICKERING_DRAGON_BOAT_FESTIVAL-25,2025-06-08,15:18,SPORT WOMEN A,FINAL,500,3,,NDRC Storm,,3,02:25.2,
2025_PICKERING_DRAGON_BOAT_FESTIVAL,25,2025_PICKERING_DRAGON_BOAT_FESTIVAL-25,2025-06-08,15:18,SPORT WOMEN A,FINAL,500,4,,True North Senior Women,,2,02:22.8,
2025_PICKERING_DRAGON_BOAT_FESTIVAL,25,2025_PICKERING_DRAGON_BOAT_FESTIVAL-25,2025-06-08,15:18,SPORT WOMEN A,FINAL,500,5,,True North Premier Women,,1,02:17.9,
2025_PICKERING_DRAGON_BOAT_FESTIVAL,26,2025_PICKERING_DRAGON_BOAT_FESTIVAL-26,2025-06-08,15:31,SPORT WOMEN B,FINAL,500,2,,NDUC Vikings,,3,02:40.5,
2025_PICKERING_DRAGON_BOAT_FESTIVAL,26,2025_PICKERING_DRAGON_BOAT_FESTIVAL-26,2025-06-08,15:31,SPORT WOMEN B,FINAL,500,3,,RC Liquid Assets Women,,4,02:41.9,
2025_PICKERING_DRAGON_BOAT_FESTIVAL,26,2025_PICKERING_DRAGON_BOAT_FESTIVAL-26,2025-06-08,15:31,SPORT WOMEN B,FINAL,500,4,,Iron Dragons Women,,2,02:33.6,
2025_PICKERING_DRAGON_BOAT_FESTIVAL,26,2025_PICKERING_DRAGON_BOAT_FESTIVAL-26,2025-06-08,15:31,SPORT WOMEN B,FINAL,500,5,,EVO CSDC Sr B,,1,02:31.2,
2025_PICKERING_DRAGON_BOAT_FESTIVAL,27,2025_PICKERING_DRAGON_BOAT_FESTIVAL-27,2025-06-08,15:44,SPORT OPEN A,FINAL,500,1,,22D True Grit Open,,4,02:08.3,
2025_PICKERING_DRAGON_BOAT_FESTIVAL,27,2025_PICKERING_DRAGON_BOAT_FESTIVAL-27,2025-06-08,15:44,SPORT OPEN A,FINAL,500,2,,Liquid LaGoons,,5,02:12.9,
2025_PICKERING_DRAGON_BOAT_FESTIVAL,27,2025_PICKERING_DRAGON_BOAT_FESTIVAL-27,2025-06-08,15:44,SPORT OPEN A,FINAL,500,3,,PDBC Big Dogs Open,,3,02:06.7,
2025_PICKERING_DRAGON_BOAT_FESTIVAL,27,2025_PICKERING_DRAGON_BOAT_FESTIVAL-27,2025-06-08,15:44,SPORT OPEN A,FINAL,500,4,,True North SLP Premier Open,,2,02:03.5,
2025_PICKERING_DRAGON_BOAT_FESTIVAL,27,2025_PICKERING_DRAGON_BOAT_FESTIVAL-27,2025-06-08,15:44,SPORT OPEN A,FINAL,500,5,,NDRC Orcas,,1,02:02.4,
2025_PICKERING_DRAGON_BOAT_FESTIVAL,28,2025_PICKERING_DRAGON_BOAT_FESTIVAL-28,2025-06-08,15:57,SPORT OPEN B,FINAL,500,2,,NDUC Valkyries,,3,02:12.8,
2025_PICKERING_DRAGON_BOAT_FESTIVAL,28,2025_PICKERING_DRAGON_BOAT_FESTIVAL-28,2025-06-08,15:57,SPORT OPEN B,FINAL,500,3,,RC Liquid Assets Open,,4,02:13.8,
2025_PICKERING_DRAGON_BOAT_FESTIVAL,28,2025_PICKERING_DRAGON_BOAT_FESTIVAL-28,2025-06-08,15:57,SPORT OPEN B,FINAL,500,4,,EVO CSDC Sr B,,2,02:11.5,
2025_PICKERING_DRAGON_BOAT_FESTIVAL,28,2025_PICKERING_DRAGON_BOAT_FESTIVAL-28,2025-06-08,15:57,SPORT OPEN B,FINAL,500,5,,Iron Dragons Open,,1,02:11.3,
2025_PICKERING_DRAGON_BOAT_FESTIVAL,29,2025_PICKERING_DRAGON_BOAT_FESTIVAL-29,2025-06-08,16:36,SPORT OPEN + SPORT WOMEN,FINAL,2000,1,,Liquid LaGoons,,4,09:03.8,
2025_PICKERING_DRAGON_BOAT_FESTIVAL,29,2025_PICKERING_DRAGON_BOAT_FESTIVAL-29,2025-06-08,16:36,SPORT OPEN + SPORT WOMEN,FINAL,2000,2,,Iron Dragons Open,,5,09:34.5,
2025_PICKERING_DRAGON_BOAT_FESTIVAL,29,2025_PICKERING_DRAGON_BOAT_FESTIVAL-29,2025-06-08,16:36,SPORT OPEN + SPORT WOMEN,FINAL,2000,3,,PDBC Big Dogs Open,,3,08:59.7,
2025_PICKERING_DRAGON_BOAT_FESTIVAL,29,2025_PICKERING_DRAGON_BOAT_FESTIVAL-29,2025-06-08,16:36,SPORT OPEN + SPORT WOMEN,FINAL,2000,4,,True North SLP Premier Open,,2,08:53.0,
2025_PICKERING_DRAGON_BOAT_FESTIVAL,29,2025_PICKERING_DRAGON_BOAT_FESTIVAL-29,2025-06-08,16:36,SPORT OPEN + SPORT WOMEN,FINAL,2000,5,,NDRC Orcas,,1,08:40.6,
2025_PICKERING_DRAGON_BOAT_FESTIVAL,29,2025_PICKERING_DRAGON_BOAT_FESTIVAL-29,2025-06-08,16:36,SPORT OPEN + SPORT WOMEN,FINAL,2000,6,,Iron Dragons Women,,5,10:52.4,
2025_PICKERING_DRAGON_BOAT_FESTIVAL,29,2025_PICKERING_DRAGON_BOAT_FESTIVAL-29,2025-06-08,16:36,SPORT OPEN + SPORT WOMEN,FINAL,2000,7,,PDBC Ignite Women,,4,09:55.6,
2025_PICKERING_DRAGON_BOAT_FESTIVAL,29,2025_PICKERING_DRAGON_BOAT_FESTIVAL-29,2025-06-08,16:36,SPORT OPEN + SPORT WOMEN,FINAL,2000,8,,NDRC Storm,,2,09:28.3,
2025_PICKERING_DRAGON_BOAT_FESTIVAL,29,2025_PICKERING_DRAGON_BOAT_FESTIVAL-29,2025-06-08,16:36,SPORT OPEN + SPORT WOMEN,FINAL,2000,9,,True North Senior Women,,3,09:29.3,
2025_PICKERING_DRAGON_BOAT_FESTIVAL,29,2025_PICKERING_DRAGON_BOAT_FESTIVAL-29,2025-06-08,16:36,SPORT OPEN + SPORT WOMEN,FINAL,2000,10,,True North Premier Women,,1,09:23.0,
