regatta_id,race_id,date,start_time,race_no,event,round,distance_m,lane,seed,team_name,team_id,place,time,status,page
2025_GWNC,2025-09-06-R01,2025-09-06,8:30 AM,1,1 DAY MIXED 500M QUALIFYING RACE #1,Qualifying,500,2,,DEBRA Canada Powered by Graphic i.d. (DS),59,3,03:05.8,,1
2025_GWNC,2025-09-06-R01,2025-09-06,8:30 AM,1,1 DAY MIXED 500M QUALIFYING RACE #1,Qualifying,500,3,,Draggin’ it Together (S),82,4,03:13.0,,1
2025_GWNC,2025-09-06-R01,2025-09-06,8:30 AM,1,1 DAY MIXED 500M QUALIFYING RACE #1,Qualifying,500,4,,Rusty Dragons - City of Toronto,68,1,02:32.9,,1
2025_GWNC,2025-09-06-R01,2025-09-06,8:30 AM,1,1 DAY MIXED 500M QUALIFYING RACE #1,Qualifying,500,5,,Sunnyside Paddling Club - Sunniest of Saturdays,5,2,02:45.2,,1
2025_GWNC,2025-09-06-R02,2025-09-06,8:42 AM,2,1 DAY MIXED 500M QUALIFYING RACE #1,Qualifying,500,3,,Sunnyside Paddling Club - LTP+ Thunder,83,1,02:32.2,,1
2025_GWNC,2025-09-06-R02,2025-09-06,8:42 AM,2,1 DAY MIXED 500M QUALIFYING RACE #1,Qualifying,500,4,,DEBRA Canada Powered by Urgo Medical (DS),58,3,03:05.0,,1
2025_GWNC,2025-09-06-R02,2025-09-06,8:42 AM,2,1 DAY MIXED 500M QUALIFYING RACE #1,Qualifying,500,5,,Sunnyside Paddling Club - Wild Wednesdays,66,2,02:32.4,,1
2025_GWNC,2025-09-06-R03,2025-09-06,8:54 AM,3,BCP 500M RACE #1,,500,2,,Barrie’s Ribbons of Hope,8,4,02:43.7,,1
2025_GWNC,2025-09-06-R03,2025-09-06,8:54 AM,3,BCP 500M RACE #1,,500,3,,Dragonflyers,24,2,02:42.4,,1
2025_GWNC,2025-09-06-R03,2025-09-06,8:54 AM,3,BCP 500M RACE #1,,500,4,,Dragons Abreast,2,3,02:42.8,,1
2025_GWNC,2025-09-06-R03,2025-09-06,8:54 AM,3,BCP 500M RACE #1,,500,5,,KNOT A BREAST,28,1,02:33.3,,1
2025_GWNC,2025-09-06-R03,2025-09-06,8:54 AM,3,BCP 500M RACE #1,,500,6,,Pink Crusaders,16,5,02:53.3,,1
2025_GWNC,2025-09-06-R04,2025-09-06,8:54 AM,4,MIXED 500M QUALIFYING,Qualifying,500,1,,GoPink!DC,27,5,02:36.7,,1
2025_GWNC,2025-09-06-R04,2025-09-06,9:06 AM,4,MIXED 500M QUALIFYING,Qualifying,500,2,,JETAA Fighting Carps,6,2,02:24.6,,1
2025_GWNC,2025-09-06-R04,2025-09-06,9:06 AM,4,MIXED 500M QUALIFYING,Qualifying,500,3,,OPS Uncivil Dragons,46,4,02:35.3,,1
2025_GWNC,2025-09-06-R04,2025-09-06,9:06 AM,4,MIXED 500M QUALIFYING,Qualifying,500,4,,Strength & Honour,77,6,03:10.3,,1
2025_GWNC,2025-09-06-R04,2025-09-06,9:06 AM,4,MIXED 500M QUALIFYING,Qualifying,500,5,,Toronto Running Club ( TRC ),42,3,02:33.1,,1
2025_GWNC,2025-09-06-R04,2025-09-06,9:06 AM,4,MIXED 500M QUALIFYING,Qualifying,500,6,,Holyship,45,1,02:21.6,,1
2025_GWNC,2025-09-06-R05,2025-09-06,9:06 AM,5,MIXED 500M QUALIFYING,Qualifying,500,1,,MOFOS,39,1,02:11.6,,1
2025_GWNC,2025-09-06-R05,2025-09-06,9:18 AM,5,MIXED 500M QUALIFYING,Qualifying,500,2,,Blueberry JAM,72,4,02:53.6,,1
2025_GWNC,2025-09-06-R05,2025-09-06,9:18 AM,5,MIXED 500M QUALIFYING,Qualifying,500,3,,TOHK Chili,10,2,02:15.7,,1
2025_GWNC,2025-09-06-R05,2025-09-06,9:18 AM,5,MIXED 500M QUALIFYING,Qualifying,500,4,,CAATsters Team 1 (S),52,5,03:03.2,,1
2025_GWNC,2025-09-06-R05,2025-09-06,9:18 AM,5,MIXED 500M QUALIFYING,Qualifying,500,5,,The Flamin’ Dragonflies,78,6,03:08.5,,1
2025_GWNC,2025-09-06-R05,2025-09-06,9:18 AM,5,MIXED 500M QUALIFYING,Qualifying,500,6,,PwC Cruisers,33,3,02:34.9,,1
2025_GWNC,2025-09-06-R06,2025-09-06,9:18 AM,6,MIXED 500M QUALIFYING,Qualifying,500,1,,Ready-Paddle-One,75,4,03:01.3,,1
2025_GWNC,2025-09-06-R06,2025-09-06,9:30 AM,6,MIXED 500M QUALIFYING,Qualifying,500,2,,Rowbots,76,3,02:45.1,,1
2025_GWNC,2025-09-06-R06,2025-09-06,9:30 AM,6,MIXED 500M QUALIFYING,Qualifying,500,3,,Ship Disturbers (S),74,6,03:02.1,,1
2025_GWNC,2025-09-06-R06,2025-09-06,9:30 AM,6,MIXED 500M QUALIFYING,Qualifying,500,4,,CAATsters Team 2 (S),53,5,03:01.9,,1
2025_GWNC,2025-09-06-R06,2025-09-06,9:30 AM,6,MIXED 500M QUALIFYING,Qualifying,500,5,,Water Vipers Masters powered by Afterburn Fitness,3,1,02:07.9,,2
2025_GWNC,2025-09-06-R06,2025-09-06,9:30 AM,6,MIXED 500M QUALIFYING,Qualifying,500,6,,True North Leviathan Orange,18,2,02:16.8,,2
2025_GWNC,2025-09-06-R07,2025-09-06,9:30 AM,7,MIXED 500M QUALIFYING,Qualifying,500,1,,Team Transplant,37,3,02:34.4,,2
2025_GWNC,2025-09-06-R07,2025-09-06,9:42 AM,7,MIXED 500M QUALIFYING,Qualifying,500,2,,CSA Beyond 100,71,4,02:39.0,,2
2025_GWNC,2025-09-06-R07,2025-09-06,9:42 AM,7,MIXED 500M QUALIFYING,Qualifying,500,3,,Dragon Babies,79,6,02:59.3,,2
2025_GWNC,2025-09-06-R07,2025-09-06,9:42 AM,7,MIXED 500M QUALIFYING,Qualifying,500,4,,TOHK Garlic,9,2,02:17.0,,2
2025_GWNC,2025-09-06-R07,2025-09-06,9:42 AM,7,MIXED 500M QUALIFYING,Qualifying,500,5,,True North Leviathan Gold,20,1,02:10.1,,2
2025_GWNC,2025-09-06-R07,2025-09-06,9:42 AM,7,MIXED 500M QUALIFYING,Qualifying,500,6,,Serious Contenders,73,5,02:45.7,,2
2025_GWNC,2025-09-06-R08,2025-09-06,9:42 AM,8,MIXED 500M QUALIFYING,Qualifying,500,1,,Toronto Wyvern Club,7,2,02:14.1,,2
2025_GWNC,2025-09-06-R08,2025-09-06,9:54 AM,8,MIXED 500M QUALIFYING,Qualifying,500,2,,Water Vipers Performance,4,1,02:13.3,,2
2025_GWNC,2025-09-06-R08,2025-09-06,9:54 AM,8,MIXED 500M QUALIFYING,Qualifying,500,3,,Double Double Dragons,70,6,02:50.5,,2
2025_GWNC,2025-09-06-R08,2025-09-06,9:54 AM,8,MIXED 500M QUALIFYING,Qualifying,500,4,,Google Canada Dragons,30,3,02:30.7,,2
2025_GWNC,2025-09-06-R08,2025-09-06,9:54 AM,8,MIXED 500M QUALIFYING,Qualifying,500,5,,Boat Daddy,64,5,02:40.2,,2
2025_GWNC,2025-09-06-R08,2025-09-06,9:54 AM,8,MIXED 500M QUALIFYING,Qualifying,500,6,,KPMG Blue Steel,32,4,02:30.9,,2
2025_GWNC,2025-09-06-R09,2025-09-06,9:54 AM,9,MIXED 500M QUALIFYING,Qualifying,500,1,,Hydroshock,15,3,02:15.2,,2
2025_GWNC,2025-09-06-R09,2025-09-06,10:06 AM,9,MIXED 500M QUALIFYING,Qualifying,500,2,,Hail Marys,36,6,02:35.9,,2
2025_GWNC,2025-09-06-R09,2025-09-06,10:06 AM,9,MIXED 500M QUALIFYING,Qualifying,500,3,,Tribal Maui,48,2,02:12.2,,2
2025_GWNC,2025-09-06-R09,2025-09-06,10:06 AM,9,MIXED 500M QUALIFYING,Qualifying,500,4,,Paddlers Anonymous Dawave (DS),62,5,02:22.1,,2
2025_GWNC,2025-09-06-R09,2025-09-06,10:06 AM,9,MIXED 500M QUALIFYING,Qualifying,500,5,,Peppers UA,69,1,02:11.5,,2
2025_GWNC,2025-09-06-R09,2025-09-06,10:06 AM,9,MIXED 500M QUALIFYING,Qualifying,500,6,,Ronin Warriors,35,4,02:19.4,,2
2025_GWNC,2025-09-06-R10,2025-09-06,10:06 AM,10,MIXED 500M QUALIFYING,Qualifying,500,1,,Rusty Dragons - Barracudas,54,2,02:16.8,,2
2025_GWNC,2025-09-06-R10,2025-09-06,10:18 AM,10,MIXED 500M QUALIFYING,Qualifying,500,2,,Shiptalkers,50,3,02:22.3,,2
2025_GWNC,2025-09-06-R10,2025-09-06,10:18 AM,10,MIXED 500M QUALIFYING,Qualifying,500,3,,Holland Bloorview Infinite Waves,55,6,02:33.4,,2
2025_GWNC,2025-09-06-R10,2025-09-06,10:18 AM,10,MIXED 500M QUALIFYING,Qualifying,500,4,,True North Leviathan Black,21,1,02:01.7,,2
2025_GWNC,2025-09-06-R10,2025-09-06,10:18 AM,10,MIXED 500M QUALIFYING,Qualifying,500,5,,South Niagara Canoe Club Canal Dragons,57,5,02:25.1,,2
2025_GWNC,2025-09-06-R10,2025-09-06,10:18 AM,10,MIXED 500M QUALIFYING,Qualifying,500,6,,Sync or Swim,26,4,02:23.8,,2
2025_GWNC,2025-09-06-R11,2025-09-06,10:18 AM,11,MIXED 500M QUALIFYING,Qualifying,500,1,,TOHK Lion Rock,60,4,02:31.5,,2
2025_GWNC,2025-09-06-R11,2025-09-06,10:30 AM,11,MIXED 500M QUALIFYING,Qualifying,500,2,,Tribal Aloha,49,1,02:22.0,,2
2025_GWNC,2025-09-06-R11,2025-09-06,10:30 AM,11,MIXED 500M QUALIFYING,Qualifying,500,3,,Mutha Paddlers,56,2,02:23.4,,2
2025_GWNC,2025-09-06-R11,2025-09-06,10:30 AM,11,MIXED 500M QUALIFYING,Qualifying,500,4,,Northern Spirit (S),38,5,02:38.3,,2
2025_GWNC,2025-09-06-R11,2025-09-06,10:30 AM,11,MIXED 500M QUALIFYING,Qualifying,500,5,,The Boulevard Blazers',13,6,02:40.8,,2
2025_GWNC,2025-09-06-R11,2025-09-06,10:30 AM,11,MIXED 500M QUALIFYING,Qualifying,500,6,,Bridgepoint Blazing Paddles,51,3,02:27.8,,2
2025_GWNC,2025-09-06-R12,2025-09-06,10:30 AM,12,MIXED 500M QUALIFYING,Qualifying,500,1,,True North Leviathan Red,19,1,02:10.2,,2
2025_GWNC,2025-09-06-R12,2025-09-06,10:42 AM,12,MIXED 500M QUALIFYING,Qualifying,500,2,,Bell Blue Dragons,29,2,02:11.6,,2
2025_GWNC,2025-09-06-R12,2025-09-06,10:42 AM,12,MIXED 500M QUALIFYING,Qualifying,500,3,,Water Vipers Performance 1X,67,4,02:20.8,,2
2025_GWNC,2025-09-06-R12,2025-09-06,10:42 AM,12,MIXED 500M QUALIFYING,Qualifying,500,4,,Smoke on the Water,1,3,02:20.4,,2
2025_GWNC,2025-09-06-R12,2025-09-06,10:42 AM,12,MIXED 500M QUALIFYING,Qualifying,500,5,,Will Paddle for Food,25,6,02:41.7,,2
2025_GWNC,2025-09-06-R12,2025-09-06,10:42 AM,12,MIXED 500M QUALIFYING,Qualifying,500,6,,York Dragons,65,5,02:25.3,,2
2025_GWNC,2025-09-06-R13,2025-09-06,10:54 AM,13,MIXED 500M QUALIFYING,Qualifying,500,2,,Mojos,23,2,02:14.0,,2
2025_GWNC,2025-09-06-R13,2025-09-06,10:54 AM,13,MIXED 500M QUALIFYING,Qualifying,500,3,,Shockwave DBC,14,1,02:05.4,,2
2025_GWNC,2025-09-06-R13,2025-09-06,10:54 AM,13,MIXED 500M QUALIFYING,Qualifying,500,4,,Wilcox Warriors,47,5,03:00.4,,2
2025_GWNC,2025-09-06-R13,2025-09-06,10:54 AM,13,MIXED 500M QUALIFYING,Qualifying,500,5,,Windburn Race Crew,34,3,02:26.7,,2
2025_GWNC,2025-09-06-R13,2025-09-06,10:54 AM,13,MIXED 500M QUALIFYING,Qualifying,500,6,,Wild Chicks,31,4,02:44.3,,2
2025_GWNC,2025-09-06-R14,2025-09-06,11:06 AM,14,1 DAY MIXED 500M QUALIFYING RACE #2,Qualifying,500,2,,DEBRA Canada Powered by Urgo Medical (DS),58,3,02:49.1,,2
2025_GWNC,2025-09-06-R14,2025-09-06,11:06 AM,14,1 DAY MIXED 500M QUALIFYING RACE #2,Qualifying,500,3,,Rusty Dragons - City of Toronto,68,1,02:32.6,,2
2025_GWNC,2025-09-06-R14,2025-09-06,11:06 AM,14,1 DAY MIXED 500M QUALIFYING RACE #2,Qualifying,500,4,,Sunnyside Paddling Club - LTP+ Thunder,83,2,02:33.2,,2
2025_GWNC,2025-09-06-R14,2025-09-06,11:06 AM,14,1 DAY MIXED 500M QUALIFYING RACE #2,Qualifying,500,5,,Draggin’ it Together (S),82,4,03:04.6,,2
2025_GWNC,2025-09-06-R15,2025-09-06,11:18 AM,15,1 DAY MIXED 500M QUALIFYING RACE #2,Qualifying,500,3,,Sunnyside Paddling Club - Wild Wednesdays,66,1,02:40.3,,3
2025_GWNC,2025-09-06-R15,2025-09-06,11:18 AM,15,1 DAY MIXED 500M QUALIFYING RACE #2,Qualifying,500,4,,Sunnyside Paddling Club - Sunniest of Saturdays,5,2,02:51.1,,3
2025_GWNC,2025-09-06-R15,2025-09-06,11:18 AM,15,1 DAY MIXED 500M QUALIFYING RACE #2,Qualifying,500,5,,DEBRA Canada Powered by Graphic i.d. (DS),59,3,02:59.0,,3
2025_GWNC,2025-09-06-R16,2025-09-06,11:30 AM,16,BCP 500M RACE #2,Qualifying,500,2,,Dragons Abreast,2,2,02:43.2,,3
2025_GWNC,2025-09-06-R16,2025-09-06,11:30 AM,16,BCP 500M RACE #2,Qualifying,500,3,,KNOT A BREAST,28,1,02:37.0,,3
2025_GWNC,2025-09-06-R16,2025-09-06,11:30 AM,16,BCP 500M RACE #2,Qualifying,500,4,,Pink Crusaders,16,5,03:02.0,,3
2025_GWNC,2025-09-06-R16,2025-09-06,11:30 AM,16,BCP 500M RACE #2,Qualifying,500,5,,Barrie’s Ribbons of Hope,8,4,02:53.8,,3
2025_GWNC,2025-09-06-R16,2025-09-06,11:30 AM,16,BCP 500M RACE #2,Qualifying,500,6,,Dragonflyers,24,3,02:49.5,,3
2025_GWNC,2025-09-06-R17,2025-09-06,12:18 PM,17,PROFESSIONAL SERVICES CUP,Final,500,2,PS,Boat Daddy,64,3,02:39.4,,3
2025_GWNC,2025-09-06-R17,2025-09-06,12:18 PM,17,PROFESSIONAL SERVICES CUP,Final,500,3,PS,PwC Cruisers,33,2,02:38.8,,3
2025_GWNC,2025-09-06-R17,2025-09-06,12:18 PM,17,PROFESSIONAL SERVICES CUP,Final,500,4,PS,Toronto Wyvern Club,7,1,02:24.4,,3
2025_GWNC,2025-09-06-R17,2025-09-06,12:18 PM,17,PROFESSIONAL SERVICES CUP,Final,500,5,PS,KPMG Blue Steel,32,4,02:41.7,,3
2025_GWNC,2025-09-06-R18,2025-09-06,12:30 PM,18,HEALTH CARE CUP/EDUCATION PUBLIC SERVICES CUP,Final,500,2,HC,Bridgepoint Blazing Paddles,51,1,02:35.0,,3
2025_GWNC,2025-09-06-R18,2025-09-06,12:30 PM,18,HEALTH CARE CUP/EDUCATION PUBLIC SERVICES CUP,Final,500,3,HC,Team Transplant,37,3,02:44.2,,3
2025_GWNC,2025-09-06-R18,2025-09-06,12:30 PM,18,HEALTH CARE CUP/EDUCATION PUBLIC SERVICES CUP,Final,500,4,HC,Holland Bloorview Infinite Waves,55,2,02:43.2,,3
2025_GWNC,2025-09-06-R18,2025-09-06,12:30 PM,18,HEALTH CARE CUP/EDUCATION PUBLIC SERVICES CUP,Final,500,5,EPS,JETAA Fighting Carps,6,1,02:36.3,,3
2025_GWNC,2025-09-06-R18,2025-09-06,12:30 PM,18,HEALTH CARE CUP/EDUCATION PUBLIC SERVICES CUP,Final,500,6,EPS,OPS Uncivil Dragons,46,2,02:42.0,,3
2025_GWNC,2025-09-06-R19,2025-09-06,12:30 PM,19,NOT-FOR-PROFIT CUP/FINANCIAL SERVICES CUP,Final,500,1,NP,CSA Beyond 100,71,3,02:47.2,,3
2025_GWNC,2025-09-06-R19,2025-09-06,12:42 PM,19,NOT-FOR-PROFIT CUP/FINANCIAL SERVICES CUP,Final,500,2,NP,TOHK Chili,10,2,02:24.4,,3
2025_GWNC,2025-09-06-R19,2025-09-06,12:42 PM,19,NOT-FOR-PROFIT CUP/FINANCIAL SERVICES CUP,Final,500,3,NP,TOHK Garlic,9,1,02:24.1,,3
2025_GWNC,2025-09-06-R19,2025-09-06,12:42 PM,19,NOT-FOR-PROFIT CUP/FINANCIAL SERVICES CUP,Final,500,4,FS,CAATsters Team 1 (S),52,3,03:21.1,,3
2025_GWNC,2025-09-06-R19,2025-09-06,12:42 PM,19,NOT-FOR-PROFIT CUP/FINANCIAL SERVICES CUP,Final,500,5,FS,CAATsters Team 2 (S),53,2,03:13.3,,3
2025_GWNC,2025-09-06-R19,2025-09-06,12:42 PM,19,NOT-FOR-PROFIT CUP/FINANCIAL SERVICES CUP,Final,500,6,FS,MOFOS,39,1,02:22.7,,3
2025_GWNC,2025-09-06-R20,2025-09-06,12:42 PM,20,SD HEALTH & FITNESS CUP,Final,500,1,HF6,Dragon Babies,79,6,03:14.3,,3
2025_GWNC,2025-09-06-R20,2025-09-06,12:54 PM,20,SD HEALTH & FITNESS CUP,Final,500,2,HF5,Blueberry JAM,72,5,03:05.6,,3
2025_GWNC,2025-09-06-R20,2025-09-06,12:54 PM,20,SD HEALTH & FITNESS CUP,Final,500,3,HF3,Rowbots,76,4,02:58.9,,3
2025_GWNC,2025-09-06-R20,2025-09-06,12:54 PM,20,SD HEALTH & FITNESS CUP,Final,500,4,HF1,Water Vipers Masters powered by Afterburn Fitness,3,1,02:22.1,,3
2025_GWNC,2025-09-06-R20,2025-09-06,12:54 PM,20,SD HEALTH & FITNESS CUP,Final,500,5,HF2,Toronto Running Club ( TRC ),42,2,02:43.0,,3
2025_GWNC,2025-09-06-R20,2025-09-06,12:54 PM,20,SD HEALTH & FITNESS CUP,Final,500,6,HF4,Serious Contenders,73,3,02:58.2,,3
2025_GWNC,2025-09-06-R21,2025-09-06,1:06 PM,21,TIM HORTONS BIG BUSINESS CUP,Final,500,2,BB,Bell Blue Dragons,29,1,02:25.3,,3
2025_GWNC,2025-09-06-R21,2025-09-06,1:06 PM,21,TIM HORTONS BIG BUSINESS CUP,Final,500,3,BB,Double Double Dragons,70,4,03:01.7,,3
2025_GWNC,2025-09-06-R21,2025-09-06,1:06 PM,21,TIM HORTONS BIG BUSINESS CUP,Final,500,4,BB,Google Canada Dragons,30,2,02:46.6,,3
2025_GWNC,2025-09-06-R21,2025-09-06,1:06 PM,21,TIM HORTONS BIG BUSINESS CUP,Final,500,5,BB,Will Paddle for Food,25,3,02:50.3,,3
2025_GWNC,2025-09-06-R22,2025-09-06,1:18 PM,22,WOMEN'S 500M QUALIFYING,Qualifying,500,2,,Wild Chicks,31,5,03:00.5,,4
2025_GWNC,2025-09-06-R22,2025-09-06,1:18 PM,22,WOMEN'S 500M QUALIFYING,Qualifying,500,3,,GoPink!DC,27,2,02:48.3,,4
2025_GWNC,2025-09-06-R22,2025-09-06,1:18 PM,22,WOMEN'S 500M QUALIFYING,Qualifying,500,4,,Hail Marys,36,1,02:48.2,,4
2025_GWNC,2025-09-06-R22,2025-09-06,1:18 PM,22,WOMEN'S 500M QUALIFYING,Qualifying,500,5,,Holland Bloorview Infinite Waves,55,3,02:49.3,,4
2025_GWNC,2025-09-06-R22,2025-09-06,1:18 PM,22,WOMEN'S 500M QUALIFYING,Qualifying,500,6,,Northern Spirit (S),38,4,02:52.4,,4
2025_GWNC,2025-09-06-R23,2025-09-06,1:18 PM,23,WOMEN'S 500M QUALIFYING,Qualifying,500,1,,True North Leviathan Purple,22,1,02:28.7,,4
2025_GWNC,2025-09-06-R23,2025-09-06,1:30 PM,23,WOMEN'S 500M QUALIFYING,Qualifying,500,2,,Tribal Wahine,61,5,02:51.1,,4
2025_GWNC,2025-09-06-R23,2025-09-06,1:30 PM,23,WOMEN'S 500M QUALIFYING,Qualifying,500,3,,Water Vipettes,86,4,02:36.0,,4
2025_GWNC,2025-09-06-R23,2025-09-06,1:30 PM,23,WOMEN'S 500M QUALIFYING,Qualifying,500,4,,Nai'a,40,2,02:29.9,,4
2025_GWNC,2025-09-06-R23,2025-09-06,1:30 PM,23,WOMEN'S 500M QUALIFYING,Qualifying,500,5,,SheJahMin,80,3,02:35.2,,4
2025_GWNC,2025-09-06-R23,2025-09-06,1:30 PM,23,WOMEN'S 500M QUALIFYING,Qualifying,500,6,,The Boulevard Blazers',13,6,02:57.5,,4
2025_GWNC,2025-09-06-R24,2025-09-06,1:42 PM,24,OPEN 500M QUALIFYING,Qualifying,500,2,,True North Manatees,84,2,02:11.3,,4
2025_GWNC,2025-09-06-R24,2025-09-06,1:42 PM,24,OPEN 500M QUALIFYING,Qualifying,500,3,,WeJahMin,81,4,02:16.8,,4
2025_GWNC,2025-09-06-R24,2025-09-06,1:42 PM,24,OPEN 500M QUALIFYING,Qualifying,500,4,,Water Vipers Asian Seamen est. 2015,85,3,02:14.9,,4
2025_GWNC,2025-09-06-R24,2025-09-06,1:42 PM,24,OPEN 500M QUALIFYING,Qualifying,500,5,,Paddlers Anonymous Squirtle Squad (DS),63,5,02:21.9,,4
2025_GWNC,2025-09-06-R24,2025-09-06,1:42 PM,24,OPEN 500M QUALIFYING,Qualifying,500,6,,Shaka 2.0,41,1,02:09.7,,4
2025_GWNC,2025-09-06-R25,2025-09-06,1:42 PM,25,MIXED 500M QUALIFYING,Qualifying,500,1,,Strength & Honour,77,4,03:07.4,,4
2025_GWNC,2025-09-06-R25,2025-09-06,1:54 PM,25,MIXED 500M QUALIFYING,Qualifying,500,2,,The Flamin’ Dragonflies,78,6,03:19.8,,4
2025_GWNC,2025-09-06-R25,2025-09-06,1:54 PM,25,MIXED 500M QUALIFYING,Qualifying,500,3,,True North Leviathan Orange,18,1,02:25.3,,4
2025_GWNC,2025-09-06-R25,2025-09-06,1:54 PM,25,MIXED 500M QUALIFYING,Qualifying,500,4,,Team Transplant,37,2,02:50.7,,4
2025_GWNC,2025-09-06-R25,2025-09-06,1:54 PM,25,MIXED 500M QUALIFYING,Qualifying,500,5,,Rowbots,76,3,02:58.7,,4
2025_GWNC,2025-09-06-R25,2025-09-06,1:54 PM,25,MIXED 500M QUALIFYING,Qualifying,500,6,,Dragon Babies,79,5,03:19.4,,4
2025_GWNC,2025-09-06-R26,2025-09-06,1:54 PM,26,MIXED 500M QUALIFYING,Qualifying,500,1,,CAATsters Team 1 (S),52,6,03:20.7,,4
2025_GWNC,2025-09-06-R26,2025-09-06,2:06 PM,26,MIXED 500M QUALIFYING,Qualifying,500,2,,Water Vipers Masters powered by Afterburn Fitness,3,1,02:18.2,,4
2025_GWNC,2025-09-06-R26,2025-09-06,2:06 PM,26,MIXED 500M QUALIFYING,Qualifying,500,3,,PwC Cruisers,33,3,02:45.5,,4
2025_GWNC,2025-09-06-R26,2025-09-06,2:06 PM,26,MIXED 500M QUALIFYING,Qualifying,500,4,,Toronto Wyvern Club,7,2,02:30.4,,4
2025_GWNC,2025-09-06-R26,2025-09-06,2:06 PM,26,MIXED 500M QUALIFYING,Qualifying,500,5,,CSA Beyond 100,71,5,02:53.8,,4
2025_GWNC,2025-09-06-R26,2025-09-06,2:06 PM,26,MIXED 500M QUALIFYING,Qualifying,500,6,,OPS Uncivil Dragons,46,4,02:48.6,,4
2025_GWNC,2025-09-06-R27,2025-09-06,2:06 PM,27,MIXED 500M QUALIFYING,Qualifying,500,1,,CAATsters Team 2 (S),53,5,03:12.5,,4
2025_GWNC,2025-09-06-R27,2025-09-06,2:18 PM,27,MIXED 500M QUALIFYING,Qualifying,500,2,,Boat Daddy,64,4,02:57.6,,4
2025_GWNC,2025-09-06-R27,2025-09-06,2:18 PM,27,MIXED 500M QUALIFYING,Qualifying,500,3,,Holyship,45,2,02:35.7,,4
2025_GWNC,2025-09-06-R27,2025-09-06,2:18 PM,27,MIXED 500M QUALIFYING,Qualifying,500,4,,GoPink!DC,27,3,02:55.4,,4
2025_GWNC,2025-09-06-R27,2025-09-06,2:18 PM,27,MIXED 500M QUALIFYING,Qualifying,500,5,,Blueberry JAM,72,6,03:14.1,,4
2025_GWNC,2025-09-06-R27,2025-09-06,2:18 PM,27,MIXED 500M QUALIFYING,Qualifying,500,6,,TOHK Chili,10,1,02:28.1,,4
2025_GWNC,2025-09-06-R28,2025-09-06,2:18 PM,28,MIXED 500M QUALIFYING,Qualifying,500,1,,Google Canada Dragons,30,3,02:46.1,,4
2025_GWNC,2025-09-06-R28,2025-09-06,2:30 PM,28,MIXED 500M QUALIFYING,Qualifying,500,2,,True North Leviathan Gold,20,2,02:17.8,,4
2025_GWNC,2025-09-06-R28,2025-09-06,2:30 PM,28,MIXED 500M QUALIFYING,Qualifying,500,3,,KPMG Blue Steel,32,5,02:50.0,,4
2025_GWNC,2025-09-06-R28,2025-09-06,2:30 PM,28,MIXED 500M QUALIFYING,Qualifying,500,4,,MOFOS,39,1,02:16.9,,4
2025_GWNC,2025-09-06-R28,2025-09-06,2:30 PM,28,MIXED 500M QUALIFYING,Qualifying,500,5,,JETAA Fighting Carps,6,4,02:47.0,,4
2025_GWNC,2025-09-06-R28,2025-09-06,2:30 PM,28,MIXED 500M QUALIFYING,Qualifying,500,6,,Ship Disturbers (S),74,6,03:10.2,,4
2025_GWNC,2025-09-06-R29,2025-09-06,2:30 PM,29,MIXED 500M QUALIFYING,Qualifying,500,1,,TOHK Garlic,9,2,02:31.4,,4
2025_GWNC,2025-09-06-R29,2025-09-06,2:42 PM,29,MIXED 500M QUALIFYING,Qualifying,500,2,,Toronto Running Club ( TRC ),42,3,02:47.1,,4
2025_GWNC,2025-09-06-R29,2025-09-06,2:42 PM,29,MIXED 500M QUALIFYING,Qualifying,500,3,,Serious Contenders,73,5,03:04.7,,4
2025_GWNC,2025-09-06-R29,2025-09-06,2:42 PM,29,MIXED 500M QUALIFYING,Qualifying,500,4,,Ready-Paddle-One,75,6,03:15.0,,4
2025_GWNC,2025-09-06-R29,2025-09-06,2:42 PM,29,MIXED 500M QUALIFYING,Qualifying,500,5,,Water Vipers Performance,4,1,02:25.2,,4
2025_GWNC,2025-09-06-R29,2025-09-06,2:42 PM,29,MIXED 500M QUALIFYING,Qualifying,500,6,,Double Double Dragons,70,4,02:56.7,,4
2025_GWNC,2025-09-06-R30,2025-09-06,2:42 PM,30,MIXED 500M QUALIFYING,Qualifying,500,1,,Northern Spirit (S),38,6,03:04.8,,5
2025_GWNC,2025-09-06-R30,2025-09-06,2:54 PM,30,MIXED 500M QUALIFYING,Qualifying,500,2,,South Niagara Canoe Club Canal Dragons,57,3,02:35.5,,5
2025_GWNC,2025-09-06-R30,2025-09-06,2:54 PM,30,MIXED 500M QUALIFYING,Qualifying,500,3,,York Dragons,65,5,02:40.1,,5
2025_GWNC,2025-09-06-R30,2025-09-06,2:54 PM,30,MIXED 500M QUALIFYING,Qualifying,500,4,,True North Leviathan Red,19,2,02:20.5,,5
2025_GWNC,2025-09-06-R30,2025-09-06,2:54 PM,30,MIXED 500M QUALIFYING,Qualifying,500,5,,Tribal Aloha,49,4,02:38.6,,5
2025_GWNC,2025-09-06-R30,2025-09-06,2:54 PM,30,MIXED 500M QUALIFYING,Qualifying,500,6,,Shockwave DBC,14,1,02:12.5,,5
2025_GWNC,2025-09-06-R31,2025-09-06,2:54 PM,31,MIXED 500M QUALIFYING,Qualifying,500,1,,Will Paddle for Food,25,5,02:53.1,,5
2025_GWNC,2025-09-06-R31,2025-09-06,3:06 PM,31,MIXED 500M QUALIFYING,Qualifying,500,2,,Windburn Race Crew,34,3,02:39.5,,5
2025_GWNC,2025-09-06-R31,2025-09-06,3:06 PM,31,MIXED 500M QUALIFYING,Qualifying,500,3,,Bridgepoint Blazing Paddles,51,4,02:43.8,,5
2025_GWNC,2025-09-06-R31,2025-09-06,3:06 PM,31,MIXED 500M QUALIFYING,Qualifying,500,5,,Bell Blue Dragons,29,2,02:25.8,,5
2025_GWNC,2025-09-06-R31,2025-09-06,3:06 PM,31,MIXED 500M QUALIFYING,Qualifying,500,6,,Mojos,23,1,02:24.2,,5
2025_GWNC,2025-09-06-R32,2025-09-06,3:06 PM,32,MIXED 500M QUALIFYING,Qualifying,500,1,,Paddlers Anonymous Dawave (DS),62,3,02:34.0,,5
2025_GWNC,2025-09-06-R32,2025-09-06,3:18 PM,32,MIXED 500M QUALIFYING,Qualifying,500,2,,The Boulevard Blazers',13,6,03:03.5,,5
2025_GWNC,2025-09-06-R32,2025-09-06,3:18 PM,32,MIXED 500M QUALIFYING,Qualifying,500,3,,Sync or Swim,26,4,02:36.6,,5
2025_GWNC,2025-09-06-R32,2025-09-06,3:18 PM,32,MIXED 500M QUALIFYING,Qualifying,500,4,,Hydroshock,15,2,02:21.2,,5
2025_GWNC,2025-09-06-R32,2025-09-06,3:18 PM,32,MIXED 500M QUALIFYING,Qualifying,500,5,,Tribal Maui,48,1,02:21.1,,5
2025_GWNC,2025-09-06-R32,2025-09-06,3:18 PM,32,MIXED 500M QUALIFYING,Qualifying,500,6,,Holland Bloorview Infinite Waves,55,5,02:52.7,,5
2025_GWNC,2025-09-06-R33,2025-09-06,3:18 PM,33,MIXED 500M QUALIFYING,Qualifying,500,1,,True North Leviathan Black,21,1,02:11.4,,5
2025_GWNC,2025-09-06-R33,2025-09-06,3:30 PM,33,MIXED 500M QUALIFYING,Qualifying,500,2,,Peppers UA,69,2,02:15.7,,5
2025_GWNC,2025-09-06-R33,2025-09-06,3:30 PM,33,MIXED 500M QUALIFYING,Qualifying,500,3,,Wild Chicks,31,6,03:06.7,,5
2025_GWNC,2025-09-06-R33,2025-09-06,3:30 PM,33,MIXED 500M QUALIFYING,Qualifying,500,4,,Rusty Dragons - Barracudas,54,3,02:28.6,,5
2025_GWNC,2025-09-06-R33,2025-09-06,3:30 PM,33,MIXED 500M QUALIFYING,Qualifying,500,5,,Hail Marys,36,5,02:53.9,,5
2025_GWNC,2025-09-06-R33,2025-09-06,3:30 PM,33,MIXED 500M QUALIFYING,Qualifying,500,6,,Mutha Paddlers,56,4,02:33.2,,5
2025_GWNC,2025-09-06-R34,2025-09-06,3:30 PM,34,MIXED 500M QUALIFYING,Qualifying,500,1,,Wilcox Warriors,47,6,03:00.6,,5
2025_GWNC,2025-09-06-R34,2025-09-06,3:42 PM,34,MIXED 500M QUALIFYING,Qualifying,500,2,,Smoke on the Water,1,3,02:31.5,,5
2025_GWNC,2025-09-06-R34,2025-09-06,3:42 PM,34,MIXED 500M QUALIFYING,Qualifying,500,3,,Ronin Warriors,35,2,02:31.3,,5
2025_GWNC,2025-09-06-R34,2025-09-06,3:42 PM,34,MIXED 500M QUALIFYING,Qualifying,500,4,,TOHK Lion Rock,60,5,02:41.2,,5
2025_GWNC,2025-09-06-R34,2025-09-06,3:42 PM,34,MIXED 500M QUALIFYING,Qualifying,500,5,,Shiptalkers,50,4,02:32.6,,5
2025_GWNC,2025-09-06-R34,2025-09-06,3:42 PM,34,MIXED 500M QUALIFYING,Qualifying,500,6,,Water Vipers Performance 1X,67,1,02:30.7,,5
2025_GWNC,2025-09-06-R35,2025-09-06,3:54 PM,35,BCP 500M RACE #3,,500,2,,Pink Crusaders,16,5,03:04.4,,5
2025_GWNC,2025-09-06-R35,2025-09-06,3:54 PM,35,BCP 500M RACE #3,,500,3,,Dragons Abreast,2,2,02:43.5,,5
2025_GWNC,2025-09-06-R35,2025-09-06,3:54 PM,35,BCP 500M RACE #3,,500,4,,Barrie’s Ribbons of Hope,8,4,02:55.8,,5
2025_GWNC,2025-09-06-R35,2025-09-06,3:54 PM,35,BCP 500M RACE #3,,500,5,,Dragonflyers,24,3,02:52.0,,5
2025_GWNC,2025-09-06-R35,2025-09-06,3:54 PM,35,BCP 500M RACE #3,,500,6,,KNOT A BREAST,28,1,02:40.2,,5
2025_GWNC,2025-09-06-R37,2025-09-06,4:06 PM,37,SD 1 DAY MIXED 500M A DIVISION FINAL,Final,500,1,5,Draggin’ it Together (S),82,6,03:28.8,,5
2025_GWNC,2025-09-06-R37,2025-09-06,4:18 PM,37,SD 1 DAY MIXED 500M A DIVISION FINAL,Final,500,2,4,Sunnyside Paddling Club - Sunniest of Saturdays,5,4,02:58.1,,5
2025_GWNC,2025-09-06-R37,2025-09-06,4:18 PM,37,SD 1 DAY MIXED 500M A DIVISION FINAL,Final,500,3,3,Sunnyside Paddling Club - Wild Wednesdays,66,1,02:40.1,,5
2025_GWNC,2025-09-06-R37,2025-09-06,4:18 PM,37,SD 1 DAY MIXED 500M A DIVISION FINAL,Final,500,4,1,Sunnyside Paddling Club - LTP+ Thunder,83,2,02:40.7,,5
2025_GWNC,2025-09-06-R37,2025-09-06,4:18 PM,37,SD 1 DAY MIXED 500M A DIVISION FINAL,Final,500,5,2,Rusty Dragons - City of Toronto,68,3,02:40.9,,5
2025_GWNC,2025-09-06-R37,2025-09-06,4:18 PM,37,SD 1 DAY MIXED 500M A DIVISION FINAL,Final,500,6,5,DEBRA Canada Powered by Urgo Medical (DS),58,5,02:58.8,,5
2025_GWNC,2025-09-07-R37,2025-09-07,8:45 AM,37,SD MIXED 200M E DIVISION CONSOLATION FINAL,Consolation Final,200,2,59,The Flamin’ Dragonflies,78,3,01:07.3,,6
2025_GWNC,2025-09-07-R37,2025-09-07,8:45 AM,37,SD MIXED 200M E DIVISION CONSOLATION FINAL,Consolation Final,200,3,57,Dragon Babies,79,2,01:07.1,,6
2025_GWNC,2025-09-07-R37,2025-09-07,8:45 AM,37,SD MIXED 200M E DIVISION CONSOLATION FINAL,Consolation Final,200,4,55,Ready-Paddle-One,75,1,00:59.2,,6
2025_GWNC,2025-09-07-R37,2025-09-07,8:45 AM,37,SD MIXED 200M E DIVISION CONSOLATION FINAL,Consolation Final,200,5,56,Strength & Honour,77,4,01:07.3,,6
2025_GWNC,2025-09-07-R37,2025-09-07,8:45 AM,37,SD MIXED 200M E DIVISION CONSOLATION FINAL,Consolation Final,200,6,58,CAATsters Team 1 (S),52,5,01:10.3,,6
2025_GWNC,2025-09-07-R38,2025-09-07,8:45 AM,38,SD MIXED 200M E DIVISION GRAND FINAL,Grand Final,200,1,54,CAATsters Team 2 (S),53,5,01:07.5,,6
2025_GWNC,2025-09-07-R38,2025-09-07,8:54 AM,38,SD MIXED 200M E DIVISION GRAND FINAL,Grand Final,200,2,53,Ship Disturbers (S),74,,,DNS,6
2025_GWNC,2025-09-07-R38,2025-09-07,8:54 AM,38,SD MIXED 200M E DIVISION GRAND FINAL,Grand Final,200,3,51,Wilcox Warriors,47,2,01:01.9,,6
2025_GWNC,2025-09-07-R38,2025-09-07,8:54 AM,38,SD MIXED 200M E DIVISION GRAND FINAL,Grand Final,200,4,49,Serious Contenders,73,3,01:01.9,,6
2025_GWNC,2025-09-07-R38,2025-09-07,8:54 AM,38,SD MIXED 200M E DIVISION GRAND FINAL,Grand Final,200,5,50,Wild Chicks,31,1,01:00.7,,6
2025_GWNC,2025-09-07-R38,2025-09-07,8:54 AM,38,SD MIXED 200M E DIVISION GRAND FINAL,Grand Final,200,6,52,Blueberry JAM,72,4,01:05.3,,6
2025_GWNC,2025-09-07-R39,2025-09-07,8:54 AM,39,SD MIXED 200M D DIVISION CONSOLATION FINAL,Consolation Final,200,1,48,Double Double Dragons,70,1,00:56.9,,6
2025_GWNC,2025-09-07-R39,2025-09-07,9:03 AM,39,SD MIXED 200M D DIVISION CONSOLATION FINAL,Consolation Final,200,2,47,The Boulevard Blazers',13,4,00:59.9,,6
2025_GWNC,2025-09-07-R39,2025-09-07,9:03 AM,39,SD MIXED 200M D DIVISION CONSOLATION FINAL,Consolation Final,200,3,45,Northern Spirit (S),38,5,01:01.0,,6
2025_GWNC,2025-09-07-R39,2025-09-07,9:03 AM,39,SD MIXED 200M D DIVISION CONSOLATION FINAL,Consolation Final,200,4,43,Will Paddle for Food,25,2,00:57.0,,6
2025_GWNC,2025-09-07-R39,2025-09-07,9:03 AM,39,SD MIXED 200M D DIVISION CONSOLATION FINAL,Consolation Final,200,5,44,Boat Daddy,64,3,00:59.8,,6
2025_GWNC,2025-09-07-R39,2025-09-07,9:03 AM,39,SD MIXED 200M D DIVISION CONSOLATION FINAL,Consolation Final,200,6,46,Rowbots,76,6,01:02.1,,6
2025_GWNC,2025-09-07-R40,2025-09-07,9:03 AM,40,SD MIXED 200M D DIVISION GRAND FINAL,Grand Final,200,1,42,CSA Beyond 100,71,1,00:56.7,,6
2025_GWNC,2025-09-07-R40,2025-09-07,9:12 AM,40,SD MIXED 200M D DIVISION GRAND FINAL,Grand Final,200,2,41,GoPink!DC,27,3,00:59.8,,6
2025_GWNC,2025-09-07-R40,2025-09-07,9:12 AM,40,SD MIXED 200M D DIVISION GRAND FINAL,Grand Final,200,3,39,Holland Bloorview Infinite Waves,55,6,01:00.5,,6
2025_GWNC,2025-09-07-R40,2025-09-07,9:12 AM,40,SD MIXED 200M D DIVISION GRAND FINAL,Grand Final,200,4,37,OPS Uncivil Dragons,46,5,01:00.1,,6
2025_GWNC,2025-09-07-R40,2025-09-07,9:12 AM,40,SD MIXED 200M D DIVISION GRAND FINAL,Grand Final,200,5,38,Team Transplant,37,2,00:59.4,,6
2025_GWNC,2025-09-07-R40,2025-09-07,9:12 AM,40,SD MIXED 200M D DIVISION GRAND FINAL,Grand Final,200,6,40,Hail Marys,36,4,01:00.1,,6
2025_GWNC,2025-09-07-R41,2025-09-07,9:21 AM,41,SD OPEN 200M GRAND FINAL,Grand Final,200,2,5,Paddlers Anonymous Squirtle Squad (DS),63,5,00:50.8,,6
2025_GWNC,2025-09-07-R41,2025-09-07,9:21 AM,41,SD OPEN 200M GRAND FINAL,Grand Final,200,3,3,Water Vipers Asian Seamen est. 2015,85,1,00:47.0,,6
2025_GWNC,2025-09-07-R41,2025-09-07,9:21 AM,41,SD OPEN 200M GRAND FINAL,Grand Final,200,4,1,Shaka 2.0,41,2,00:47.1,,6
2025_GWNC,2025-09-07-R41,2025-09-07,9:21 AM,41,SD OPEN 200M GRAND FINAL,Grand Final,200,5,2,True North Manatees,84,3,00:47.4,,6
2025_GWNC,2025-09-07-R41,2025-09-07,9:21 AM,41,SD OPEN 200M GRAND FINAL,Grand Final,200,6,4,WeJahMin,81,4,00:49.7,,6
2025_GWNC,2025-09-07-R42,2025-09-07,9:30 AM,42,SD WOMEN'S 200M DIVISION CONSOLATION FINAL,Consolation Final,200,2,11,Wild Chicks,31,3,01:02.5,,6
2025_GWNC,2025-09-07-R42,2025-09-07,9:30 AM,42,SD WOMEN'S 200M DIVISION CONSOLATION FINAL,Consolation Final,200,3,9,Northern Spirit (S),38,4,01:02.6,,6
2025_GWNC,2025-09-07-R42,2025-09-07,9:30 AM,42,SD WOMEN'S 200M DIVISION CONSOLATION FINAL,Consolation Final,200,4,7,Holland Bloorview Infinite Waves,55,2,01:00.3,,7
2025_GWNC,2025-09-07-R42,2025-09-07,9:30 AM,42,SD WOMEN'S 200M DIVISION CONSOLATION FINAL,Consolation Final,200,5,8,Tribal Wahine,61,1,00:59.1,,7
2025_GWNC,2025-09-07-R42,2025-09-07,9:30 AM,42,SD WOMEN'S 200M DIVISION CONSOLATION FINAL,Consolation Final,200,6,10,The Boulevard Blazers',13,5,01:05.8,,7
2025_GWNC,2025-09-07-R43,2025-09-07,9:30 AM,43,SD WOMEN'S 200M DIVISION GRAND FINAL,Grand Final,200,1,6,GoPink!DC,27,5,01:00.2,,7
2025_GWNC,2025-09-07-R43,2025-09-07,9:39 AM,43,SD WOMEN'S 200M DIVISION GRAND FINAL,Grand Final,200,2,5,Hail Marys,36,6,01:01.3,,7
2025_GWNC,2025-09-07-R43,2025-09-07,9:39 AM,43,SD WOMEN'S 200M DIVISION GRAND FINAL,Grand Final,200,3,3,SheJahMin,80,4,00:55.0,,7
2025_GWNC,2025-09-07-R43,2025-09-07,9:39 AM,43,SD WOMEN'S 200M DIVISION GRAND FINAL,Grand Final,200,4,1,True North Leviathan Purple,22,1,00:51.8,,7
2025_GWNC,2025-09-07-R43,2025-09-07,9:39 AM,43,SD WOMEN'S 200M DIVISION GRAND FINAL,Grand Final,200,5,2,Nai'a,40,2,00:52.2,,7
2025_GWNC,2025-09-07-R43,2025-09-07,9:39 AM,43,SD WOMEN'S 200M DIVISION GRAND FINAL,Grand Final,200,6,4,Water Vipettes,86,3,00:54.8,,7
2025_GWNC,2025-09-07-R44,2025-09-07,9:39 AM,44,SD MIXED 200M C DIVISION CONSOLATION FINAL,Consolation Final,200,1,36,KPMG Blue Steel,32,6,00:58.2,,7
2025_GWNC,2025-09-07-R44,2025-09-07,9:48 AM,44,SD MIXED 200M C DIVISION CONSOLATION FINAL,Consolation Final,200,2,35,PwC Cruisers,33,2,00:55.9,,7
2025_GWNC,2025-09-07-R44,2025-09-07,9:48 AM,44,SD MIXED 200M C DIVISION CONSOLATION FINAL,Consolation Final,200,3,33,Google Canada Dragons,30,3,00:56.0,,7
2025_GWNC,2025-09-07-R44,2025-09-07,9:48 AM,44,SD MIXED 200M C DIVISION CONSOLATION FINAL,Consolation Final,200,4,31,Bridgepoint Blazing Paddles,51,1,00:54.8,,7
2025_GWNC,2025-09-07-R44,2025-09-07,9:48 AM,44,SD MIXED 200M C DIVISION CONSOLATION FINAL,Consolation Final,200,5,32,TOHK Lion Rock,60,4,00:56.0,,7
2025_GWNC,2025-09-07-R44,2025-09-07,9:48 AM,44,SD MIXED 200M C DIVISION CONSOLATION FINAL,Consolation Final,200,6,34,Toronto Running Club ( TRC ),42,5,00:58.0,,7
2025_GWNC,2025-09-07-R45,2025-09-07,9:48 AM,45,SD MIXED 200M C DIVISION GRAND FINAL,Grand Final,200,1,30,JETAA Fighting Carps,6,6,00:57.3,,7
2025_GWNC,2025-09-07-R45,2025-09-07,9:57 AM,45,SD MIXED 200M C DIVISION GRAND FINAL,Grand Final,200,2,29,Windburn Race Crew,34,3,00:54.6,,7
2025_GWNC,2025-09-07-R45,2025-09-07,9:57 AM,45,SD MIXED 200M C DIVISION GRAND FINAL,Grand Final,200,3,27,South Niagara Canoe Club Canal Dragons,57,5,00:56.6,,7
2025_GWNC,2025-09-07-R45,2025-09-07,9:57 AM,45,SD MIXED 200M C DIVISION GRAND FINAL,Grand Final,200,4,25,Sync or Swim,26,1,00:53.5,,7
2025_GWNC,2025-09-07-R45,2025-09-07,9:57 AM,45,SD MIXED 200M C DIVISION GRAND FINAL,Grand Final,200,5,26,Tribal Aloha,49,2,00:54.1,,7
2025_GWNC,2025-09-07-R45,2025-09-07,9:57 AM,45,SD MIXED 200M C DIVISION GRAND FINAL,Grand Final,200,6,28,York Dragons,65,4,00:55.3,,7
2025_GWNC,2025-09-07-R46,2025-09-07,9:57 AM,46,SD MIXED 200M B DIVISION CONSOLATION FINAL,Consolation Final,200,1,24,Holyship,45,2,00:53.8,,7
2025_GWNC,2025-09-07-R46,2025-09-07,10:06 AM,46,SD MIXED 200M B DIVISION CONSOLATION FINAL,Consolation Final,200,2,23,Mutha Paddlers,56,3,00:54.2,,7
2025_GWNC,2025-09-07-R46,2025-09-07,10:06 AM,46,SD MIXED 200M B DIVISION CONSOLATION FINAL,Consolation Final,200,3,21,Shiptalkers,50,5,00:54.7,,7
2025_GWNC,2025-09-07-R46,2025-09-07,10:06 AM,46,SD MIXED 200M B DIVISION CONSOLATION FINAL,Consolation Final,200,4,19,Water Vipers Performance 1X,67,1,00:53.4,,7
2025_GWNC,2025-09-07-R46,2025-09-07,10:06 AM,46,SD MIXED 200M B DIVISION CONSOLATION FINAL,Consolation Final,200,5,20,Smoke on the Water,1,4,00:54.5,,7
2025_GWNC,2025-09-07-R46,2025-09-07,10:06 AM,46,SD MIXED 200M B DIVISION CONSOLATION FINAL,Consolation Final,200,6,22,Paddlers Anonymous Dawave (DS),62,6,00:54.7,,7
2025_GWNC,2025-09-07-R47,2025-09-07,10:06 AM,47,SD MIXED 200M B DIVISION GRAND FINAL,Grand Final,200,1,18,Ronin Warriors,35,6,00:53.4,,7
2025_GWNC,2025-09-07-R47,2025-09-07,10:15 AM,47,SD MIXED 200M B DIVISION GRAND FINAL,Grand Final,200,2,17,TOHK Garlic,9,2,00:51.0,,7
2025_GWNC,2025-09-07-R47,2025-09-07,10:15 AM,47,SD MIXED 200M B DIVISION GRAND FINAL,Grand Final,200,3,15,Toronto Wyvern Club,7,4,00:52.5,,7
2025_GWNC,2025-09-07-R47,2025-09-07,10:15 AM,47,SD MIXED 200M B DIVISION GRAND FINAL,Grand Final,200,4,13,True North Leviathan Orange,18,1,00:50.4,,7
2025_GWNC,2025-09-07-R47,2025-09-07,10:15 AM,47,SD MIXED 200M B DIVISION GRAND FINAL,Grand Final,200,5,14,TOHK Chili,10,3,00:51.8,,7
2025_GWNC,2025-09-07-R47,2025-09-07,10:15 AM,47,SD MIXED 200M B DIVISION GRAND FINAL,Grand Final,200,6,16,Rusty Dragons - Barracudas,54,5,00:52.9,,7
2025_GWNC,2025-09-07-R48,2025-09-07,10:15 AM,48,SD TIM HORTONS MIXED 200M A DIVISION CONSOLATION FINAL,Consolation Final,200,1,12,Water Vipers Performance,4,6,00:52.7,,7
2025_GWNC,2025-09-07-R48,2025-09-07,10:24 AM,48,SD TIM HORTONS MIXED 200M A DIVISION CONSOLATION FINAL,Consolation Final,200,2,11,Mojos,23,4,00:51.6,,7
2025_GWNC,2025-09-07-R48,2025-09-07,10:24 AM,48,SD TIM HORTONS MIXED 200M A DIVISION CONSOLATION FINAL,Consolation Final,200,3,9,Hydroshock,15,2,00:50.0,,7
2025_GWNC,2025-09-07-R48,2025-09-07,10:24 AM,48,SD TIM HORTONS MIXED 200M A DIVISION CONSOLATION FINAL,Consolation Final,200,4,7,True North Leviathan Red,19,1,00:48.9,,7
2025_GWNC,2025-09-07-R48,2025-09-07,10:24 AM,48,SD TIM HORTONS MIXED 200M A DIVISION CONSOLATION FINAL,Consolation Final,200,5,8,Tribal Maui,48,3,00:51.4,,7
2025_GWNC,2025-09-07-R48,2025-09-07,10:24 AM,48,SD TIM HORTONS MIXED 200M A DIVISION CONSOLATION FINAL,Consolation Final,200,6,10,Bell Blue Dragons,29,5,00:52.4,,7
2025_GWNC,2025-09-07-R49,2025-09-07,10:24 AM,49,SD TIM HORTONS MIXED 200M A DIVISION GRAND FINAL,Grand Final,200,1,6,MOFOS,39,,,,7
2025_GWNC,2025-09-07-R49,2025-09-07,10:33 AM,49,SD TIM HORTONS MIXED 200M A DIVISION GRAND FINAL,Grand Final,200,2,5,True North Leviathan Gold,20,,,,7
2025_GWNC,2025-09-07-R49,2025-09-07,10:33 AM,49,SD TIM HORTONS MIXED 200M A DIVISION GRAND FINAL,Grand Final,200,3,3,Water Vipers Masters powered by Afterburn Fitness,3,,,,7
2025_GWNC,2025-09-07-R49,2025-09-07,10:33 AM,49,SD TIM HORTONS MIXED 200M A DIVISION GRAND FINAL,Grand Final,200,4,1,True North Leviathan Black,21,,,,7
2025_GWNC,2025-09-07-R49,2025-09-07,10:33 AM,49,SD TIM HORTONS MIXED 200M A DIVISION GRAND FINAL,Grand Final,200,5,2,Shockwave DBC,14,,,,7
2025_GWNC,2025-09-07-R49,2025-09-07,10:33 AM,49,SD TIM HORTONS MIXED 200M A DIVISION GRAND FINAL,Grand Final,200,6,4,Peppers UA,69,,,,7
2025_GWNC,2025-09-07-R50,2025-09-07,10:57 AM,50,SD MIXED 500M E DIVISION SEMI-FINAL #1,Semi-Final,500,2,58,CAATsters Team 1 (S),52,5,02:58.4,,7
2025_GWNC,2025-09-07-R50,2025-09-07,10:57 AM,50,SD MIXED 500M E DIVISION SEMI-FINAL #1,Semi-Final,500,4,50,Wild Chicks,31,1,02:44.3,,8
2025_GWNC,2025-09-07-R50,2025-09-07,10:57 AM,50,SD MIXED 500M E DIVISION SEMI-FINAL #1,Semi-Final,500,5,51,Wilcox Warriors,47,2,02:44.4,,8
2025_GWNC,2025-09-07-R50,2025-09-07,10:57 AM,50,SD MIXED 500M E DIVISION SEMI-FINAL #1,Semi-Final,500,6,55,Ready-Paddle-One,75,3,02:45.7,,8
2025_GWNC,2025-09-07-R51,2025-09-07,10:57 AM,51,SD MIXED 500M E DIVISION SEMI-FINAL #2,Semi-Final,500,1,59,The Flamin’ Dragonflies,78,6,02:56.7,,8
2025_GWNC,2025-09-07-R51,2025-09-07,11:09 AM,51,SD MIXED 500M E DIVISION SEMI-FINAL #2,Semi-Final,500,2,57,Dragon Babies,79,5,02:50.9,,8
2025_GWNC,2025-09-07-R51,2025-09-07,11:09 AM,51,SD MIXED 500M E DIVISION SEMI-FINAL #2,Semi-Final,500,3,53,Ship Disturbers (S),74,4,02:46.8,,8
2025_GWNC,2025-09-07-R51,2025-09-07,11:09 AM,51,SD MIXED 500M E DIVISION SEMI-FINAL #2,Semi-Final,500,4,49,Serious Contenders,73,3,02:36.9,,8
2025_GWNC,2025-09-07-R51,2025-09-07,11:09 AM,51,SD MIXED 500M E DIVISION SEMI-FINAL #2,Semi-Final,500,5,52,Blueberry JAM,72,1,02:28.8,,8
2025_GWNC,2025-09-07-R51,2025-09-07,11:09 AM,51,SD MIXED 500M E DIVISION SEMI-FINAL #2,Semi-Final,500,6,56,Strength & Honour,77,2,02:33.3,,8
2025_GWNC,2025-09-07-R52,2025-09-07,11:09 AM,52,SD MIXED 500M D DIVISION SEMI-FINAL #1,Semi-Final,500,1,47,The Boulevard Blazers',13,6,02:41.8,,8
2025_GWNC,2025-09-07-R52,2025-09-07,11:21 AM,52,SD MIXED 500M D DIVISION SEMI-FINAL #1,Semi-Final,500,2,46,Rowbots,76,4,02:39.9,,8
2025_GWNC,2025-09-07-R52,2025-09-07,11:21 AM,52,SD MIXED 500M D DIVISION SEMI-FINAL #1,Semi-Final,500,3,42,CSA Beyond 100,71,1,02:27.3,,8
2025_GWNC,2025-09-07-R52,2025-09-07,11:21 AM,52,SD MIXED 500M D DIVISION SEMI-FINAL #1,Semi-Final,500,4,38,Team Transplant,37,2,02:34.1,,8
2025_GWNC,2025-09-07-R52,2025-09-07,11:21 AM,52,SD MIXED 500M D DIVISION SEMI-FINAL #1,Semi-Final,500,5,39,Holland Bloorview Infinite Waves,55,3,02:35.7,,8
2025_GWNC,2025-09-07-R52,2025-09-07,11:21 AM,52,SD MIXED 500M D DIVISION SEMI-FINAL #1,Semi-Final,500,6,43,Will Paddle for Food,25,5,02:40.3,,8
2025_GWNC,2025-09-07-R53,2025-09-07,11:21 AM,53,SD MIXED 500M D DIVISION SEMI-FINAL #2,Semi-Final,500,1,48,Double Double Dragons,70,3,02:37.2,,8
2025_GWNC,2025-09-07-R53,2025-09-07,11:33 AM,53,SD MIXED 500M D DIVISION SEMI-FINAL #2,Semi-Final,500,2,45,Northern Spirit (S),38,4,02:37.2,,8
2025_GWNC,2025-09-07-R53,2025-09-07,11:33 AM,53,SD MIXED 500M D DIVISION SEMI-FINAL #2,Semi-Final,500,3,41,GoPink!DC,27,6,02:39.5,,8
2025_GWNC,2025-09-07-R53,2025-09-07,11:33 AM,53,SD MIXED 500M D DIVISION SEMI-FINAL #2,Semi-Final,500,4,37,OPS Uncivil Dragons,46,1,02:28.9,,8
2025_GWNC,2025-09-07-R53,2025-09-07,11:33 AM,53,SD MIXED 500M D DIVISION SEMI-FINAL #2,Semi-Final,500,5,40,Hail Marys,36,5,02:38.4,,8
2025_GWNC,2025-09-07-R53,2025-09-07,11:33 AM,53,SD MIXED 500M D DIVISION SEMI-FINAL #2,Semi-Final,500,6,44,Boat Daddy,64,2,02:34.5,,8
2025_GWNC,2025-09-07-R54,2025-09-07,11:33 AM,54,SD MIXED 500M C DIVISION SEMI-FINAL #1,Semi-Final,500,1,35,PwC Cruisers,33,6,02:31.2,,8
2025_GWNC,2025-09-07-R54,2025-09-07,11:45 AM,54,SD MIXED 500M C DIVISION SEMI-FINAL #1,Semi-Final,500,2,34,Toronto Running Club ( TRC ),42,5,02:29.9,,8
2025_GWNC,2025-09-07-R54,2025-09-07,11:45 AM,54,SD MIXED 500M C DIVISION SEMI-FINAL #1,Semi-Final,500,3,30,JETAA Fighting Carps,6,4,02:25.2,,8
2025_GWNC,2025-09-07-R54,2025-09-07,11:45 AM,54,SD MIXED 500M C DIVISION SEMI-FINAL #1,Semi-Final,500,4,26,Tribal Aloha,49,2,02:23.6,,8
2025_GWNC,2025-09-07-R54,2025-09-07,11:45 AM,54,SD MIXED 500M C DIVISION SEMI-FINAL #1,Semi-Final,500,5,27,South Niagara Canoe Club Canal Dragons,57,1,02:23.1,,8
2025_GWNC,2025-09-07-R54,2025-09-07,11:45 AM,54,SD MIXED 500M C DIVISION SEMI-FINAL #1,Semi-Final,500,6,31,Bridgepoint Blazing Paddles,51,3,02:24.1,,8
2025_GWNC,2025-09-07-R55,2025-09-07,11:45 AM,55,SD MIXED 500M C DIVISION SEMI-FINAL #2,Semi-Final,500,1,36,KPMG Blue Steel,32,6,02:36.4,,8
2025_GWNC,2025-09-07-R55,2025-09-07,11:57 AM,55,SD MIXED 500M C DIVISION SEMI-FINAL #2,Semi-Final,500,2,33,Google Canada Dragons,30,5,02:29.1,,8
2025_GWNC,2025-09-07-R55,2025-09-07,11:57 AM,55,SD MIXED 500M C DIVISION SEMI-FINAL #2,Semi-Final,500,3,29,Windburn Race Crew,34,2,02:21.7,,8
2025_GWNC,2025-09-07-R55,2025-09-07,11:57 AM,55,SD MIXED 500M C DIVISION SEMI-FINAL #2,Semi-Final,500,4,25,Sync or Swim,26,1,02:20.8,,8
2025_GWNC,2025-09-07-R55,2025-09-07,11:57 AM,55,SD MIXED 500M C DIVISION SEMI-FINAL #2,Semi-Final,500,5,28,York Dragons,65,3,02:23.4,,8
2025_GWNC,2025-09-07-R55,2025-09-07,11:57 AM,55,SD MIXED 500M C DIVISION SEMI-FINAL #2,Semi-Final,500,6,32,TOHK Lion Rock,60,4,02:28.5,,8
2025_GWNC,2025-09-07-R56,2025-09-07,11:57 AM,56,SD MIXED 500M B DIVISION SEMI-FINAL #1,Semi-Final,500,1,23,Mutha Paddlers,56,6,02:22.9,,8
2025_GWNC,2025-09-07-R56,2025-09-07,12:09 PM,56,SD MIXED 500M B DIVISION SEMI-FINAL #1,Semi-Final,500,2,22,Paddlers Anonymous Dawave (DS),62,4,02:19.2,,8
2025_GWNC,2025-09-07-R56,2025-09-07,12:09 PM,56,SD MIXED 500M B DIVISION SEMI-FINAL #1,Semi-Final,500,3,18,Ronin Warriors,35,5,02:20.2,,8
2025_GWNC,2025-09-07-R56,2025-09-07,12:09 PM,56,SD MIXED 500M B DIVISION SEMI-FINAL #1,Semi-Final,500,4,14,TOHK Chili,10,1,02:16.2,,8
2025_GWNC,2025-09-07-R56,2025-09-07,12:09 PM,56,SD MIXED 500M B DIVISION SEMI-FINAL #1,Semi-Final,500,5,15,Toronto Wyvern Club,7,2,02:17.2,,8
2025_GWNC,2025-09-07-R56,2025-09-07,12:09 PM,56,SD MIXED 500M B DIVISION SEMI-FINAL #1,Semi-Final,500,6,19,Water Vipers Performance 1X,67,3,02:18.8,,8
2025_GWNC,2025-09-07-R57,2025-09-07,12:09 PM,57,SD MIXED 500M B DIVISION SEMI-FINAL #2,Semi-Final,500,1,24,Holyship,45,5,02:20.5,,8
2025_GWNC,2025-09-07-R57,2025-09-07,12:21 PM,57,SD MIXED 500M B DIVISION SEMI-FINAL #2,Semi-Final,500,2,21,Shiptalkers,50,6,02:23.8,,8
2025_GWNC,2025-09-07-R57,2025-09-07,12:21 PM,57,SD MIXED 500M B DIVISION SEMI-FINAL #2,Semi-Final,500,3,17,TOHK Garlic,9,2,02:15.1,,8
2025_GWNC,2025-09-07-R57,2025-09-07,12:21 PM,57,SD MIXED 500M B DIVISION SEMI-FINAL #2,Semi-Final,500,4,13,True North Leviathan Orange,18,1,02:14.5,,8
2025_GWNC,2025-09-07-R57,2025-09-07,12:21 PM,57,SD MIXED 500M B DIVISION SEMI-FINAL #2,Semi-Final,500,5,16,Rusty Dragons - Barracudas,54,3,02:17.6,,8
2025_GWNC,2025-09-07-R57,2025-09-07,12:21 PM,57,SD MIXED 500M B DIVISION SEMI-FINAL #2,Semi-Final,500,6,20,Smoke on the Water,1,4,02:20.4,,8
2025_GWNC,2025-09-07-R58,2025-09-07,12:21 PM,58,SD TIM HORTONS MIXED 500M A DIVISION SEMI-FINAL #1,Semi-Final,500,1,11,Mojos,23,5,02:16.9,,8
2025_GWNC,2025-09-07-R58,2025-09-07,12:33 PM,58,SD TIM HORTONS MIXED 500M A DIVISION SEMI-FINAL #1,Semi-Final,500,2,10,Bell Blue Dragons,29,6,02:17.0,,8
2025_GWNC,2025-09-07-R58,2025-09-07,12:33 PM,58,SD TIM HORTONS MIXED 500M A DIVISION SEMI-FINAL #1,Semi-Final,500,3,6,MOFOS,39,3,02:07.7,,8
2025_GWNC,2025-09-07-R58,2025-09-07,12:33 PM,58,SD TIM HORTONS MIXED 500M A DIVISION SEMI-FINAL #1,Semi-Final,500,4,2,Shockwave DBC,14,1,02:06.0,,8
2025_GWNC,2025-09-07-R58,2025-09-07,12:33 PM,58,SD TIM HORTONS MIXED 500M A DIVISION SEMI-FINAL #1,Semi-Final,500,5,3,Water Vipers Masters powered by Afterburn Fitness,3,2,02:07.0,,9
2025_GWNC,2025-09-07-R58,2025-09-07,12:33 PM,58,SD TIM HORTONS MIXED 500M A DIVISION SEMI-FINAL #1,Semi-Final,500,6,7,True North Leviathan Red,19,4,02:10.4,,9
2025_GWNC,2025-09-07-R59,2025-09-07,12:33 PM,59,SD TIM HORTONS MIXED 500M A DIVISION SEMI-FINAL #2,Semi-Final,500,1,12,Water Vipers Performance,4,5,02:14.5,,9
2025_GWNC,2025-09-07-R59,2025-09-07,12:45 PM,59,SD TIM HORTONS MIXED 500M A DIVISION SEMI-FINAL #2,Semi-Final,500,2,9,Hydroshock,15,6,02:14.8,,9
2025_GWNC,2025-09-07-R59,2025-09-07,12:45 PM,59,SD TIM HORTONS MIXED 500M A DIVISION SEMI-FINAL #2,Semi-Final,500,3,5,True North Leviathan Gold,20,3,02:08.8,,9
2025_GWNC,2025-09-07-R59,2025-09-07,12:45 PM,59,SD TIM HORTONS MIXED 500M A DIVISION SEMI-FINAL #2,Semi-Final,500,4,1,True North Leviathan Black,21,1,01:59.5,,9
2025_GWNC,2025-09-07-R59,2025-09-07,12:45 PM,59,SD TIM HORTONS MIXED 500M A DIVISION SEMI-FINAL #2,Semi-Final,500,5,4,Peppers UA,69,2,02:08.3,,9
2025_GWNC,2025-09-07-R59,2025-09-07,12:45 PM,59,SD TIM HORTONS MIXED 500M A DIVISION SEMI-FINAL #2,Semi-Final,500,6,8,Tribal Maui,48,4,02:11.0,,9
2025_GWNC,2025-09-07-R60,2025-09-07,12:57 PM,60,SD MIXED 500M E DIVISION CONSOLATION FINAL,Consolation Final,500,2,NBT7,CAATsters Team 1 (S),52,,,,9
2025_GWNC,2025-09-07-R60,2025-09-07,12:57 PM,60,SD MIXED 500M E DIVISION CONSOLATION FINAL,Consolation Final,500,3,NBT5,CAATsters Team 2 (S),53,,02:54.4,,9
2025_GWNC,2025-09-07-R60,2025-09-07,12:57 PM,60,SD MIXED 500M E DIVISION CONSOLATION FINAL,Consolation Final,500,4,NBT3,Ship Disturbers (S),74,1,02:41.9,,9
2025_GWNC,2025-09-07-R60,2025-09-07,12:57 PM,60,SD MIXED 500M E DIVISION CONSOLATION FINAL,Consolation Final,500,5,NBT4,Dragon Babies,79,2,02:58.6,,9
2025_GWNC,2025-09-07-R60,2025-09-07,12:57 PM,60,SD MIXED 500M E DIVISION CONSOLATION FINAL,Consolation Final,500,6,NBT6,The Flamin’ Dragonflies,78,3,02:59.5,,9
2025_GWNC,2025-09-07-R61,2025-09-07,12:57 PM,61,SD MIXED 500M E DIVISION GRAND FINAL,Grand Final,500,1,NBT2,Ready-Paddle-One,75,4,02:52.0,,9
2025_GWNC,2025-09-07-R61,2025-09-07,1:09 PM,61,SD MIXED 500M E DIVISION GRAND FINAL,Grand Final,500,2,NBT,Serious Contenders,73,1,02:36.1,,9
2025_GWNC,2025-09-07-R61,2025-09-07,1:09 PM,61,SD MIXED 500M E DIVISION GRAND FINAL,Grand Final,500,3,2-51,Strength & Honour,77,6,03:16.0,,9
2025_GWNC,2025-09-07-R61,2025-09-07,1:09 PM,61,SD MIXED 500M E DIVISION GRAND FINAL,Grand Final,500,4,1-51,Blueberry JAM,72,2,02:41.1,,9
2025_GWNC,2025-09-07-R61,2025-09-07,1:09 PM,61,SD MIXED 500M E DIVISION GRAND FINAL,Grand Final,500,5,1-50,Wild Chicks,31,3,02:49.6,,9
2025_GWNC,2025-09-07-R61,2025-09-07,1:09 PM,61,SD MIXED 500M E DIVISION GRAND FINAL,Grand Final,500,6,2-50,Wilcox Warriors,47,5,03:03.9,,9
2025_GWNC,2025-09-07-R62,2025-09-07,1:09 PM,62,SD MIXED 500M D DIVISION CONSOLATION FINAL,Consolation Final,500,1,NBT8,The Boulevard Blazers',13,5,02:47.0,,9
2025_GWNC,2025-09-07-R62,2025-09-07,1:21 PM,62,SD MIXED 500M D DIVISION CONSOLATION FINAL,Consolation Final,500,2,NBT7,Will Paddle for Food,25,1,02:37.8,,9
2025_GWNC,2025-09-07-R62,2025-09-07,1:21 PM,62,SD MIXED 500M D DIVISION CONSOLATION FINAL,Consolation Final,500,3,NBT5,GoPink!DC,27,3,02:38.6,,9
2025_GWNC,2025-09-07-R62,2025-09-07,1:21 PM,62,SD MIXED 500M D DIVISION CONSOLATION FINAL,Consolation Final,500,4,NBT3,Northern Spirit (S),38,4,02:44.5,,9
2025_GWNC,2025-09-07-R62,2025-09-07,1:21 PM,62,SD MIXED 500M D DIVISION CONSOLATION FINAL,Consolation Final,500,5,NBT4,Hail Marys,36,2,02:37.9,,9
2025_GWNC,2025-09-07-R62,2025-09-07,1:21 PM,62,SD MIXED 500M D DIVISION CONSOLATION FINAL,Consolation Final,500,6,NBT6,Rowbots,76,6,02:47.4,,9
2025_GWNC,2025-09-07-R63,2025-09-07,1:21 PM,63,SD MIXED 500M D DIVISION GRAND FINAL,Grand Final,500,1,NBT2,Double Double Dragons,70,5,02:37.1,,9
2025_GWNC,2025-09-07-R63,2025-09-07,1:33 PM,63,SD MIXED 500M D DIVISION GRAND FINAL,Grand Final,500,2,NBT,Holland Bloorview Infinite Waves,55,2,02:35.8,,9
2025_GWNC,2025-09-07-R63,2025-09-07,1:33 PM,63,SD MIXED 500M D DIVISION GRAND FINAL,Grand Final,500,3,2-53,Boat Daddy,64,4,02:36.9,,9
2025_GWNC,2025-09-07-R63,2025-09-07,1:33 PM,63,SD MIXED 500M D DIVISION GRAND FINAL,Grand Final,500,4,1-53,OPS Uncivil Dragons,46,6,02:38.1,,9
2025_GWNC,2025-09-07-R63,2025-09-07,1:33 PM,63,SD MIXED 500M D DIVISION GRAND FINAL,Grand Final,500,5,1-52,CSA Beyond 100,71,1,02:31.2,,9
2025_GWNC,2025-09-07-R63,2025-09-07,1:33 PM,63,SD MIXED 500M D DIVISION GRAND FINAL,Grand Final,500,6,2-52,Team Transplant,37,3,02:36.6,,9
2025_GWNC,2025-09-07-R64,2025-09-07,1:45 PM,64,SD OPEN 500M DIVISION GRAND FINAL,Grand Final,500,2,24-May,Paddlers Anonymous Squirtle Squad (DS),63,5,02:14.7,,9
2025_GWNC,2025-09-07-R64,2025-09-07,1:45 PM,64,SD OPEN 500M DIVISION GRAND FINAL,Grand Final,500,3,24-Mar,Water Vipers Asian Seamen est. 2015,85,2,02:06.0,,9
2025_GWNC,2025-09-07-R64,2025-09-07,1:45 PM,64,SD OPEN 500M DIVISION GRAND FINAL,Grand Final,500,4,24-Jan,Shaka 2.0,41,3,02:06.4,,9
2025_GWNC,2025-09-07-R64,2025-09-07,1:45 PM,64,SD OPEN 500M DIVISION GRAND FINAL,Grand Final,500,5,24-Feb,True North Manatees,84,1,02:05.9,,9
2025_GWNC,2025-09-07-R64,2025-09-07,1:45 PM,64,SD OPEN 500M DIVISION GRAND FINAL,Grand Final,500,6,24-Apr,WeJahMin,81,4,02:12.5,,9
2025_GWNC,2025-09-07-R65,2025-09-07,1:57 PM,65,SD WOMEN'S 500M DIVISION CONSOLATION FINAL,Consolation Final,500,2,NBT7,Wild Chicks,31,4,02:48.7,,9
2025_GWNC,2025-09-07-R65,2025-09-07,1:57 PM,65,SD WOMEN'S 500M DIVISION CONSOLATION FINAL,Consolation Final,500,3,NBT5,Northern Spirit (S),38,3,02:44.3,,9
2025_GWNC,2025-09-07-R65,2025-09-07,1:57 PM,65,SD WOMEN'S 500M DIVISION CONSOLATION FINAL,Consolation Final,500,4,NBT3,Holland Bloorview Infinite Waves,55,2,02:34.5,,9
2025_GWNC,2025-09-07-R65,2025-09-07,1:57 PM,65,SD WOMEN'S 500M DIVISION CONSOLATION FINAL,Consolation Final,500,5,NBT4,Tribal Wahine,61,1,02:34.1,,9
2025_GWNC,2025-09-07-R65,2025-09-07,1:57 PM,65,SD WOMEN'S 500M DIVISION CONSOLATION FINAL,Consolation Final,500,6,NBT6,The Boulevard Blazers',13,5,02:51.6,,9
2025_GWNC,2025-09-07-R66,2025-09-07,1:57 PM,66,SD WOMEN'S 500M DIVISION GRAND FINAL,Grand Final,500,1,NBT2,Water Vipettes,86,3,02:18.4,,9
2025_GWNC,2025-09-07-R66,2025-09-07,2:09 PM,66,SD WOMEN'S 500M DIVISION GRAND FINAL,Grand Final,500,2,NBT,SheJahMin,80,4,02:21.8,,9
2025_GWNC,2025-09-07-R66,2025-09-07,2:09 PM,66,SD WOMEN'S 500M DIVISION GRAND FINAL,Grand Final,500,3,23-Feb,GoPink!DC,27,5,02:37.8,,10
2025_GWNC,2025-09-07-R66,2025-09-07,2:09 PM,66,SD WOMEN'S 500M DIVISION GRAND FINAL,Grand Final,500,4,23-Jan,Hail Marys,36,6,02:38.3,,10
2025_GWNC,2025-09-07-R66,2025-09-07,2:09 PM,66,SD WOMEN'S 500M DIVISION GRAND FINAL,Grand Final,500,5,22-Jan,True North Leviathan Purple,22,2,02:13.3,,10
2025_GWNC,2025-09-07-R66,2025-09-07,2:09 PM,66,SD WOMEN'S 500M DIVISION GRAND FINAL,Grand Final,500,6,22-Feb,Nai'a,40,1,02:12.8,,10
2025_GWNC,2025-09-07-R67,2025-09-07,2:09 PM,67,SD WOMEN'S 500M DIVISION GRAND FINAL,Grand Final,500,1,NBT8,KPMG Blue Steel,32,6,02:33.1,,10
2025_GWNC,2025-09-07-R67,2025-09-07,2:20 PM,67,SD WOMEN'S 500M DIVISION GRAND FINAL,Grand Final,500,2,NBT7,PwC Cruisers,33,4,02:28.6,,10
2025_GWNC,2025-09-07-R67,2025-09-07,2:20 PM,67,SD WOMEN'S 500M DIVISION GRAND FINAL,Grand Final,500,3,NBT5,Google Canada Dragons,30,2,02:23.9,,10
2025_GWNC,2025-09-07-R67,2025-09-07,2:20 PM,67,SD WOMEN'S 500M DIVISION GRAND FINAL,Grand Final,500,4,NBT3,JETAA Fighting Carps,6,1,02:23.1,,10
2025_GWNC,2025-09-07-R67,2025-09-07,2:20 PM,67,SD WOMEN'S 500M DIVISION GRAND FINAL,Grand Final,500,5,NBT4,TOHK Lion Rock,60,3,02:26.7,,10
2025_GWNC,2025-09-07-R67,2025-09-07,2:20 PM,67,SD WOMEN'S 500M DIVISION GRAND FINAL,Grand Final,500,6,NBT6,Toronto Running Club ( TRC ),42,5,02:30.2,,10
2025_GWNC,2025-09-07-R68,2025-09-07,2:20 PM,68,SD MIXED 500M C DIVISION GRAND FINAL,Grand Final,500,1,NBT2,Bridgepoint Blazing Paddles,51,4,02:23.4,,10
2025_GWNC,2025-09-07-R68,2025-09-07,2:31 PM,68,SD MIXED 500M C DIVISION GRAND FINAL,Grand Final,500,2,NBT,York Dragons,65,5,02:24.4,,10
2025_GWNC,2025-09-07-R68,2025-09-07,2:31 PM,68,SD MIXED 500M C DIVISION GRAND FINAL,Grand Final,500,3,2-55,Windburn Race Crew,34,1,02:22.2,,10
2025_GWNC,2025-09-07-R68,2025-09-07,2:31 PM,68,SD MIXED 500M C DIVISION GRAND FINAL,Grand Final,500,4,1-55,Sync or Swim,26,2,02:22.3,,10
2025_GWNC,2025-09-07-R68,2025-09-07,2:31 PM,68,SD MIXED 500M C DIVISION GRAND FINAL,Grand Final,500,5,1-54,South Niagara Canoe Club Canal Dragons,57,3,02:22.4,,10
2025_GWNC,2025-09-07-R68,2025-09-07,2:31 PM,68,SD MIXED 500M C DIVISION GRAND FINAL,Grand Final,500,6,2-54,Tribal Aloha,49,6,02:24.4,,10
2025_GWNC,2025-09-07-R69,2025-09-07,2:31 PM,69,SD MIXED 500M B DIVISION CONSOLATION FINAL,Consolation Final,500,1,NBT8,Shiptalkers,50,6,02:27.3,,10
2025_GWNC,2025-09-07-R69,2025-09-07,2:42 PM,69,SD MIXED 500M B DIVISION CONSOLATION FINAL,Consolation Final,500,2,NBT7,Mutha Paddlers,56,2,02:18.4,,10
2025_GWNC,2025-09-07-R69,2025-09-07,2:42 PM,69,SD MIXED 500M B DIVISION CONSOLATION FINAL,Consolation Final,500,3,NBT5,Smoke on the Water,1,3,02:19.5,,10
2025_GWNC,2025-09-07-R69,2025-09-07,2:42 PM,69,SD MIXED 500M B DIVISION CONSOLATION FINAL,Consolation Final,500,4,NBT3,Paddlers Anonymous Dawave (DS),62,4,02:20.1,,10
2025_GWNC,2025-09-07-R69,2025-09-07,2:42 PM,69,SD MIXED 500M B DIVISION CONSOLATION FINAL,Consolation Final,500,5,NBT4,Ronin Warriors,35,5,02:20.3,,10
2025_GWNC,2025-09-07-R69,2025-09-07,2:42 PM,69,SD MIXED 500M B DIVISION CONSOLATION FINAL,Consolation Final,500,6,NBT6,Holyship,45,1,02:17.4,,10
2025_GWNC,2025-09-07-R70,2025-09-07,2:42 PM,70,SD MIXED 500M B DIVISION GRAND FINAL,Grand Final,500,1,NBT2,Water Vipers Performance 1X,67,6,02:17.0,,10
2025_GWNC,2025-09-07-R70,2025-09-07,2:53 PM,70,SD MIXED 500M B DIVISION GRAND FINAL,Grand Final,500,2,NBT,Rusty Dragons - Barracudas,54,3,02:15.0,,10
2025_GWNC,2025-09-07-R70,2025-09-07,2:53 PM,70,SD MIXED 500M B DIVISION GRAND FINAL,Grand Final,500,3,2-57,TOHK Garlic,9,1,02:13.8,,10
2025_GWNC,2025-09-07-R70,2025-09-07,2:53 PM,70,SD MIXED 500M B DIVISION GRAND FINAL,Grand Final,500,4,1-57,True North Leviathan Orange,18,2,02:15.0,,10
2025_GWNC,2025-09-07-R70,2025-09-07,2:53 PM,70,SD MIXED 500M B DIVISION GRAND FINAL,Grand Final,500,5,1-56,TOHK Chili,10,4,02:15.3,,10
2025_GWNC,2025-09-07-R70,2025-09-07,2:53 PM,70,SD MIXED 500M B DIVISION GRAND FINAL,Grand Final,500,6,2-56,Toronto Wyvern Club,7,5,02:17.0,,10
2025_GWNC,2025-09-07-R71,2025-09-07,2:53 PM,71,SD TIM HORTONS MIXED 500M A DIVISION CONSOLATION FINAL,Consolation Final,500,1,NBT8,Bell Blue Dragons,29,5,02:17.1,,10
2025_GWNC,2025-09-07-R71,2025-09-07,3:04 PM,71,SD TIM HORTONS MIXED 500M A DIVISION CONSOLATION FINAL,Consolation Final,500,2,NBT7,Mojos,23,4,02:17.0,,10
2025_GWNC,2025-09-07-R71,2025-09-07,3:04 PM,71,SD TIM HORTONS MIXED 500M A DIVISION CONSOLATION FINAL,Consolation Final,500,3,NBT5,Water Vipers Performance,4,6,02:17.1,,10
2025_GWNC,2025-09-07-R71,2025-09-07,3:04 PM,71,SD TIM HORTONS MIXED 500M A DIVISION CONSOLATION FINAL,Consolation Final,500,4,NBT3,True North Leviathan Red,19,1,02:09.7,,10
2025_GWNC,2025-09-07-R71,2025-09-07,3:04 PM,71,SD TIM HORTONS MIXED 500M A DIVISION CONSOLATION FINAL,Consolation Final,500,5,NBT4,Tribal Maui,48,2,02:14.3,,10
2025_GWNC,2025-09-07-R71,2025-09-07,3:04 PM,71,SD TIM HORTONS MIXED 500M A DIVISION CONSOLATION FINAL,Consolation Final,500,6,NBT6,Hydroshock,15,3,02:14.4,,10
2025_GWNC,2025-09-07-R72,2025-09-07,3:04 PM,72,SD TIM HORTONS MIXED 500M A DIVISION GRAND FINAL,Grand Final,500,1,NBT2,True North Leviathan Gold,20,6,02:13.8,,10
2025_GWNC,2025-09-07-R72,2025-09-07,3:15 PM,72,SD TIM HORTONS MIXED 500M A DIVISION GRAND FINAL,Grand Final,500,2,NBT,MOFOS,39,4,02:13.3,,10
2025_GWNC,2025-09-07-R72,2025-09-07,3:15 PM,72,SD TIM HORTONS MIXED 500M A DIVISION GRAND FINAL,Grand Final,500,3,2-59,Peppers UA,69,5,02:13.5,,10
2025_GWNC,2025-09-07-R72,2025-09-07,3:15 PM,72,SD TIM HORTONS MIXED 500M A DIVISION GRAND FINAL,Grand Final,500,4,1-59,True North Leviathan Black,21,1,02:04.5,,10
2025_GWNC,2025-09-07-R72,2025-09-07,3:15 PM,72,SD TIM HORTONS MIXED 500M A DIVISION GRAND FINAL,Grand Final,500,5,1-58,Shockwave DBC,14,2,02:10.4,,10
2025_GWNC,2025-09-07-R72,2025-09-07,3:15 PM,72,SD TIM HORTONS MIXED 500M A DIVISION GRAND FINAL,Grand Final,500,6,2-58,Water Vipers Masters powered by Afterburn Fitness,3,3,02:10.5,,10
