regatta_id,race_id,date,start_time,race_no,event,round,distance_m,lane,team_name,team_id,place,time,page
2025_PICKERING_DRAGON_BOAT_FESTIVAL,2025_PICKERING_DRAGON_BOAT_FESTIVAL-1,2025-06-07,8:45,1,Small Mixed,Championship,2000,7,EVO CSDC Sr D,,4,15:49.7,
2025_PICKERING_DRAGON_BOAT_FESTIVAL,2025_PICKERING_DRAGON_BOAT_FESTIVAL-1,2025-06-07,8:45,1,Small Mixed,Championship,2000,8,PDBC Sr D  Mixed,,2,13:28.2,
2025_PICKERING_DRAGON_BOAT_FESTIVAL,2025_PICKERING_DRAGON_BOAT_FESTIVAL-1,2025-06-07,8:45,1,Small Mixed,Championship,2000,9,PDBC Hana Nui Red Mixed,,3,13:52.6,
2025_PICKERING_DRAGON_BOAT_FESTIVAL,2025_PICKERING_DRAGON_BOAT_FESTIVAL-1,2025-06-07,8:45,1,Small Mixed,Championship,2000,10,PDBC Sr B Mixed,,1,12:17.2,
2025_PICKERING_DRAGON_BOAT_FESTIVAL,2025_PICKERING_DRAGON_BOAT_FESTIVAL-2,2025-06-07,9:12,2,Rec Women,Heat,500,1,PDBC Fired Up!,,3,02:31.8,
2025_PICKERING_DRAGON_BOAT_FESTIVAL,2025_PICKERING_DRAGON_BOAT_FESTIVAL-2,2025-06-07,9:12,2,Rec Women,Heat,500,2,Cobourg survivor thrivers,,5,02:46.2,
2025_PICKERING_DRAGON_BOAT_FESTIVAL,2025_PICKERING_DRAGON_BOAT_FESTIVAL-2,2025-06-07,9:12,2,Rec Women,Heat,500,3,Brett's Brood,,4,02:37.1,
2025_PICKERING_DRAGON_BOAT_FESTIVAL,2025_PICKERING_DRAGON_BOAT_FESTIVAL-2,2025-06-07,9:12,2,Rec Women,Heat,500,4,EVO CSDC Sr C,,1,02:18.1,
2025_PICKERING_DRAGON_BOAT_FESTIVAL,2025_PICKERING_DRAGON_BOAT_FESTIVAL-2,2025-06-07,9:12,2,Rec Women,Heat,500,5,PDBC Revved Up!,,2,02:20.3,
2025_PICKERING_DRAGON_BOAT_FESTIVAL,2025_PICKERING_DRAGON_BOAT_FESTIVAL-3,2025-06-07,9:24,3,Rec Women / Rec Open,Heat,500,1,EVO CSDC Sr C (Rec Open),,1,02:04.8,
2025_PICKERING_DRAGON_BOAT_FESTIVAL,2025_PICKERING_DRAGON_BOAT_FESTIVAL-3,2025-06-07,9:24,3,Rec Women / Rec Open,Heat,500,3,Miller Magic,,2,02:31.0,
2025_PICKERING_DRAGON_BOAT_FESTIVAL,2025_PICKERING_DRAGON_BOAT_FESTIVAL-3,2025-06-07,9:24,3,Rec Women / Rec Open,Heat,500,4,PDBC Hana Nui Red,,1,02:15.9,
2025_PICKERING_DRAGON_BOAT_FESTIVAL,2025_PICKERING_DRAGON_BOAT_FESTIVAL-3,2025-06-07,9:24,3,Rec Women / Rec Open,Heat,500,5,Tim's Tribe,,3,02:31.3,
2025_PICKERING_DRAGON_BOAT_FESTIVAL,2025_PICKERING_DRAGON_BOAT_FESTIVAL-4,2025-06-07,9:36,4,Community Mixed,Heat,500,2,Scugog Lakers,,2,02:40.0,
2025_PICKERING_DRAGON_BOAT_FESTIVAL,2025_PICKERING_DRAGON_BOAT_FESTIVAL-4,2025-06-07,9:36,4,Community Mixed,Heat,500,3,Dragon Tales,,4,02:52.7,
2025_PICKERING_DRAGON_BOAT_FESTIVAL,2025_PICKERING_DRAGON_BOAT_FESTIVAL-4,2025-06-07,9:36,4,Community Mixed,Heat,500,4,Motthers of Dragons,,3,02:52.1,
2025_PICKERING_DRAGON_BOAT_FESTIVAL,2025_PICKERING_DRAGON_BOAT_FESTIVAL-4,2025-06-07,9:36,4,Community Mixed,Heat,500,5,NAYGN Atomic Power Dragons,,1,02:36.2,
2025_PICKERING_DRAGON_BOAT_FESTIVAL,2025_PICKERING_DRAGON_BOAT_FESTIVAL-5,2025-06-07,9:48,5,Rec Mixed,Heat,500,2,Hydroshock,,1,02:13.1,
2025_PICKERING_DRAGON_BOAT_FESTIVAL,2025_PICKERING_DRAGON_BOAT_FESTIVAL-5,2025-06-07,9:48,5,Rec Mixed,Heat,500,3,PDBC Blue,,3,02:22.5,
2025_PICKERING_DRAGON_BOAT_FESTIVAL,2025_PICKERING_DRAGON_BOAT_FESTIVAL-5,2025-06-07,9:48,5,Rec Mixed,Heat,500,4,James' Gang,,2,02:16.4,
2025_PICKERING_DRAGON_BOAT_FESTIVAL,2025_PICKERING_DRAGON_BOAT_FESTIVAL-5,2025-06-07,9:48,5,Rec Mixed,Heat,500,5,Bell Blue Dragons,,4,02:25.7,
2025_PICKERING_DRAGON_BOAT_FESTIVAL,2025_PICKERING_DRAGON_BOAT_FESTIVAL-6,2025-06-07,10:00,6,Rec Mixed,Heat,500,1,Wahoos,,5,02:33.7,
2025_PICKERING_DRAGON_BOAT_FESTIVAL,2025_PICKERING_DRAGON_BOAT_FESTIVAL-6,2025-06-07,10:00,6,Rec Mixed,Heat,500,2,Tribal Aloha,,3,02:24.7,
2025_PICKERING_DRAGON_BOAT_FESTIVAL,2025_PICKERING_DRAGON_BOAT_FESTIVAL-6,2025-06-07,10:00,6,Rec Mixed,Heat,500,3,Mon Sheong Red Panda,,4,02:33.3,
2025_PICKERING_DRAGON_BOAT_FESTIVAL,2025_PICKERING_DRAGON_BOAT_FESTIVAL-6,2025-06-07,10:00,6,Rec Mixed,Heat,500,4,Paddlers Anonymous daBoat,,2,02:15.6,
2025_PICKERING_DRAGON_BOAT_FESTIVAL,2025_PICKERING_DRAGON_BOAT_FESTIVAL-6,2025-06-07,10:00,6,Rec Mixed,Heat,500,5,True North Leviathan Gold,,1,02:07.7,
2025_PICKERING_DRAGON_BOAT_FESTIVAL,2025_PICKERING_DRAGON_BOAT_FESTIVAL-7,2025-06-07,10:12,7,Rec Mixed,Heat,500,1,Windburn,,5,02:25.5,
2025_PICKERING_DRAGON_BOAT_FESTIVAL,2025_PICKERING_DRAGON_BOAT_FESTIVAL-7,2025-06-07,10:12,7,Rec Mixed,Heat,500,2,Icebreakers,,4,02:22.3,
2025_PICKERING_DRAGON_BOAT_FESTIVAL,2025_PICKERING_DRAGON_BOAT_FESTIVAL-7,2025-06-07,10:12,7,Rec Mixed,Heat,500,3,PDBC 18U Mixed,,3,02:18.1,
2025_PICKERING_DRAGON_BOAT_FESTIVAL,2025_PICKERING_DRAGON_BOAT_FESTIVAL-7,2025-06-07,10:12,7,Rec Mixed,Heat,500,4,YCPC Dragons,,2,02:17.5,
2025_PICKERING_DRAGON_BOAT_FESTIVAL,2025_PICKERING_DRAGON_BOAT_FESTIVAL-7,2025-06-07,10:12,7,Rec Mixed,Heat,500,5,Shockwave DBC,,1,02:11.3,
2025_PICKERING_DRAGON_BOAT_FESTIVAL,2025_PICKERING_DRAGON_BOAT_FESTIVAL-8,2025-06-07,10:24,8,24U-PS Mixed,Heat,500,3,NDUC Diamond Ducks,,3,02:12.9,
2025_PICKERING_DRAGON_BOAT_FESTIVAL,2025_PICKERING_DRAGON_BOAT_FESTIVAL-8,2025-06-07,10:24,8,24U-PS Mixed,Heat,500,4,Holy Mac-a-Row-ni,,2,02:08.0,
2025_PICKERING_DRAGON_BOAT_FESTIVAL,2025_PICKERING_DRAGON_BOAT_FESTIVAL-8,2025-06-07,10:24,8,24U-PS Mixed,Heat,500,5,Iron Dragons Blue,,1,02:03.7,
2025_PICKERING_DRAGON_BOAT_FESTIVAL,2025_PICKERING_DRAGON_BOAT_FESTIVAL-9,2025-06-07,10:36,9,24U-PS Mixed,Heat,500,2,Dragon Warriors,,4,02:09.9,
2025_PICKERING_DRAGON_BOAT_FESTIVAL,2025_PICKERING_DRAGON_BOAT_FESTIVAL-9,2025-06-07,10:36,9,24U-PS Mixed,Heat,500,3,RC Liquid Assets Bulls,,3,02:05.9,
2025_PICKERING_DRAGON_BOAT_FESTIVAL,2025_PICKERING_DRAGON_BOAT_FESTIVAL-9,2025-06-07,10:36,9,24U-PS Mixed,Heat,500,4,Iron Dragons Gold,,2,02:01.6,
2025_PICKERING_DRAGON_BOAT_FESTIVAL,2025_PICKERING_DRAGON_BOAT_FESTIVAL-9,2025-06-07,10:36,9,24U-PS Mixed,Heat,500,5,NDUC Jade Dragons,,1,02:00.6,
2025_PICKERING_DRAGON_BOAT_FESTIVAL,2025_PICKERING_DRAGON_BOAT_FESTIVAL-10,2025-06-07,10:48,10,24U-PS Mixed,Heat,500,2,RC Liquid Assets Bears,,2,02:09.2,
2025_PICKERING_DRAGON_BOAT_FESTIVAL,2025_PICKERING_DRAGON_BOAT_FESTIVAL-10,2025-06-07,10:48,10,24U-PS Mixed,Heat,500,3,UTSC Crimson Dragons,,4,02:18.2,
2025_PICKERING_DRAGON_BOAT_FESTIVAL,2025_PICKERING_DRAGON_BOAT_FESTIVAL-10,2025-06-07,10:48,10,24U-PS Mixed,Heat,500,4,NDUC Golden Hydras,,1,02:03.4,
2025_PICKERING_DRAGON_BOAT_FESTIVAL,2025_PICKERING_DRAGON_BOAT_FESTIVAL-10,2025-06-07,10:48,10,24U-PS Mixed,Heat,500,5,Holy Mac-Row,,3,02:13.2,
2025_PICKERING_DRAGON_BOAT_FESTIVAL,2025_PICKERING_DRAGON_BOAT_FESTIVAL-11,2025-06-07,11:00,11,Small Mixed,Championship,500,2,EVO CSDC Sr D,,4,02:38.8,
2025_PICKERING_DRAGON_BOAT_FESTIVAL,2025_PICKERING_DRAGON_BOAT_FESTIVAL-11,2025-06-07,11:00,11,Small Mixed,Championship,500,3,PDBC Hana Nui Red Mixed,,2,02:18.3,
2025_PICKERING_DRAGON_BOAT_FESTIVAL,2025_PICKERING_DRAGON_BOAT_FESTIVAL-11,2025-06-07,11:00,11,Small Mixed,Championship,500,4,PDBC Sr D Mixed,,3,02:18.7,
2025_PICKERING_DRAGON_BOAT_FESTIVAL,2025_PICKERING_DRAGON_BOAT_FESTIVAL-11,2025-06-07,11:00,11,Small Mixed,Championship,500,5,PDBC Sr B Mixed,,1,02:17.6,
2025_PICKERING_DRAGON_BOAT_FESTIVAL,2025_PICKERING_DRAGON_BOAT_FESTIVAL-12,2025-06-07,11:36,12,Rec Women A,Championship,200,1,Tim's Tribe,,5,00:59.6,
2025_PICKERING_DRAGON_BOAT_FESTIVAL,2025_PICKERING_DRAGON_BOAT_FESTIVAL-12,2025-06-07,11:36,12,Rec Women A,Championship,200,2,Miller Magic,,4,00:59.2,
2025_PICKERING_DRAGON_BOAT_FESTIVAL,2025_PICKERING_DRAGON_BOAT_FESTIVAL-12,2025-06-07,11:36,12,Rec Women A,Championship,200,3,PDBC Revved Up!,,3,00:56.5,
2025_PICKERING_DRAGON_BOAT_FESTIVAL,2025_PICKERING_DRAGON_BOAT_FESTIVAL-12,2025-06-07,11:36,12,Rec Women A,Championship,200,4,EVO CSDC Sr C,,1,00:53.0,
2025_PICKERING_DRAGON_BOAT_FESTIVAL,2025_PICKERING_DRAGON_BOAT_FESTIVAL-12,2025-06-07,11:36,12,Rec Women A,Championship,200,5,PDBC Hana Nui Red,,1,00:53.0,
2025_PICKERING_DRAGON_BOAT_FESTIVAL,2025_PICKERING_DRAGON_BOAT_FESTIVAL-13,2025-06-07,11:48,13,"Rec Women B  + 
Rec Open A",Championship,200,1,EVO CSDC Sr C (Rec Open),,1,00:52.2,
2025_PICKERING_DRAGON_BOAT_FESTIVAL,2025_PICKERING_DRAGON_BOAT_FESTIVAL-13,2025-06-07,11:48,13,"Rec Women B  + 
Rec Open A",Championship,200,3,Cobourg survivor thrivers,,3,01:03.0,
2025_PICKERING_DRAGON_BOAT_FESTIVAL,2025_PICKERING_DRAGON_BOAT_FESTIVAL-13,2025-06-07,11:48,13,"Rec Women B  + 
Rec Open A",Championship,200,4,Brett's Brood,,2,00:58.9,
2025_PICKERING_DRAGON_BOAT_FESTIVAL,2025_PICKERING_DRAGON_BOAT_FESTIVAL-13,2025-06-07,11:48,13,"Rec Women B  + 
Rec Open A",Championship,200,5,PDBC Fired Up!,,1,00:58.0,
2025_PICKERING_DRAGON_BOAT_FESTIVAL,2025_PICKERING_DRAGON_BOAT_FESTIVAL-14,2025-06-07,12:00,14,Community Mixed,,200,2,Dragon Tales,,4,01:00.6,
2025_PICKERING_DRAGON_BOAT_FESTIVAL,2025_PICKERING_DRAGON_BOAT_FESTIVAL-14,2025-06-07,12:00,14,Community Mixed,,200,3,Motthers of Dragons,,3,01:00.3,
2025_PICKERING_DRAGON_BOAT_FESTIVAL,2025_PICKERING_DRAGON_BOAT_FESTIVAL-14,2025-06-07,12:00,14,Community Mixed,,200,4,Scugog Lakers,,2,00:59.7,
2025_PICKERING_DRAGON_BOAT_FESTIVAL,2025_PICKERING_DRAGON_BOAT_FESTIVAL-14,2025-06-07,12:00,14,Community Mixed,,200,5,NAYGN Atomic Power Dragons,,1,00:55.4,
2025_PICKERING_DRAGON_BOAT_FESTIVAL,2025_PICKERING_DRAGON_BOAT_FESTIVAL-15,2025-06-07,12:12,15,Small Mixed,Championship,200,1,Scugog Lakers,,,00:59.7,
2025_PICKERING_DRAGON_BOAT_FESTIVAL,2025_PICKERING_DRAGON_BOAT_FESTIVAL-15,2025-06-07,12:12,15,Small Mixed,Championship,200,2,EVO CSDC Sr D,,4,01:02.2,
2025_PICKERING_DRAGON_BOAT_FESTIVAL,2025_PICKERING_DRAGON_BOAT_FESTIVAL-15,2025-06-07,12:12,15,Small Mixed,Championship,200,3,PDBC Hana Nui Red Mixed,,3,00:56.2,
2025_PICKERING_DRAGON_BOAT_FESTIVAL,2025_PICKERING_DRAGON_BOAT_FESTIVAL-15,2025-06-07,12:12,15,Small Mixed,Championship,200,4,PDBC Sr D Mixed,,2,00:52.6,
2025_PICKERING_DRAGON_BOAT_FESTIVAL,2025_PICKERING_DRAGON_BOAT_FESTIVAL-15,2025-06-07,12:12,15,Small Mixed,Championship,200,5,PDBC Sr B Mixed,,1,00:51.0,
2025_PICKERING_DRAGON_BOAT_FESTIVAL,2025_PICKERING_DRAGON_BOAT_FESTIVAL-16,2025-06-07,12:24,16,Rec Mixed C,Championship,200,2,Wahoos,,4,01:03.5,
2025_PICKERING_DRAGON_BOAT_FESTIVAL,2025_PICKERING_DRAGON_BOAT_FESTIVAL-16,2025-06-07,12:24,16,Rec Mixed C,Championship,200,3,Mon Sheong Red Panda,,3,00:59.2,
2025_PICKERING_DRAGON_BOAT_FESTIVAL,2025_PICKERING_DRAGON_BOAT_FESTIVAL-16,2025-06-07,12:24,16,Rec Mixed C,Championship,200,4,Bell Blue Dragons,,2,00:54.8,
2025_PICKERING_DRAGON_BOAT_FESTIVAL,2025_PICKERING_DRAGON_BOAT_FESTIVAL-16,2025-06-07,12:24,16,Rec Mixed C,Championship,200,5,Windburn,,1,00:54.4,
2025_PICKERING_DRAGON_BOAT_FESTIVAL,2025_PICKERING_DRAGON_BOAT_FESTIVAL-17,2025-06-07,12:36,17,Rec Mixed B,Championship,200,1,Tribal Aloha,,5,00:56.3,
2025_PICKERING_DRAGON_BOAT_FESTIVAL,2025_PICKERING_DRAGON_BOAT_FESTIVAL-17,2025-06-07,12:36,17,Rec Mixed B,Championship,200,2,PDBC Blue,,3,00:55.2,
2025_PICKERING_DRAGON_BOAT_FESTIVAL,2025_PICKERING_DRAGON_BOAT_FESTIVAL-17,2025-06-07,12:36,17,Rec Mixed B,Championship,200,3,Icebreakers,,4,00:55.9,
2025_PICKERING_DRAGON_BOAT_FESTIVAL,2025_PICKERING_DRAGON_BOAT_FESTIVAL-17,2025-06-07,12:36,17,Rec Mixed B,Championship,200,4,PDBC 18U Mixed,,2,00:52.3,
2025_PICKERING_DRAGON_BOAT_FESTIVAL,2025_PICKERING_DRAGON_BOAT_FESTIVAL-17,2025-06-07,12:36,17,Rec Mixed B,Championship,200,5,YCPC Dragons,,1,00:51.5,
2025_PICKERING_DRAGON_BOAT_FESTIVAL,2025_PICKERING_DRAGON_BOAT_FESTIVAL-18,2025-06-07,12:48,18,Rec Mixed A,Championship,200,1,James' Gang,,3,00:52.5,
2025_PICKERING_DRAGON_BOAT_FESTIVAL,2025_PICKERING_DRAGON_BOAT_FESTIVAL-18,2025-06-07,12:48,18,Rec Mixed A,Championship,200,2,Paddlers Anonymous daBoat,,4,00:55.2,
2025_PICKERING_DRAGON_BOAT_FESTIVAL,2025_PICKERING_DRAGON_BOAT_FESTIVAL-18,2025-06-07,12:48,18,Rec Mixed A,Championship,200,3,Hydroshock,,5,00:58.3,
2025_PICKERING_DRAGON_BOAT_FESTIVAL,2025_PICKERING_DRAGON_BOAT_FESTIVAL-18,2025-06-07,12:48,18,Rec Mixed A,Championship,200,4,Shockwave DBC,,2,00:49.8,
2025_PICKERING_DRAGON_BOAT_FESTIVAL,2025_PICKERING_DRAGON_BOAT_FESTIVAL-18,2025-06-07,12:48,18,Rec Mixed A,Championship,200,5,True North Leviathan Gold,,1,00:49.4,
2025_PICKERING_DRAGON_BOAT_FESTIVAL,2025_PICKERING_DRAGON_BOAT_FESTIVAL-19,2025-06-07,13:00,19,24U-PS Mixed C,Championship,200,3,UTSC Crimson Dragons,,3,00:50.2,
2025_PICKERING_DRAGON_BOAT_FESTIVAL,2025_PICKERING_DRAGON_BOAT_FESTIVAL-19,2025-06-07,13:00,19,24U-PS Mixed C,Championship,200,4,Holy Mac-Row,,1,00:47.6,
2025_PICKERING_DRAGON_BOAT_FESTIVAL,2025_PICKERING_DRAGON_BOAT_FESTIVAL-19,2025-06-07,13:00,19,24U-PS Mixed C,Championship,200,5,NDUC Diamond Ducks,,2,00:49.4,
2025_PICKERING_DRAGON_BOAT_FESTIVAL,2025_PICKERING_DRAGON_BOAT_FESTIVAL-20,2025-06-07,13:12,20,24U-PS Mixed B,Championship,200,3,Dragon Warriors,,3,00:48.7,
2025_PICKERING_DRAGON_BOAT_FESTIVAL,2025_PICKERING_DRAGON_BOAT_FESTIVAL-20,2025-06-07,13:12,20,24U-PS Mixed B,Championship,200,4,RC Liquid Assets Bears,,2,00:47.9,
2025_PICKERING_DRAGON_BOAT_FESTIVAL,2025_PICKERING_DRAGON_BOAT_FESTIVAL-20,2025-06-07,13:12,20,24U-PS Mixed B,Championship,200,5,Holy Mac-a-Row-ni,,1,00:47.6,
2025_PICKERING_DRAGON_BOAT_FESTIVAL,2025_PICKERING_DRAGON_BOAT_FESTIVAL-21,2025-06-07,13:24,21,24U-PS Mixed A,Championship,200,1,RC Liquid Assets Bulls,,5,00:49.5,
2025_PICKERING_DRAGON_BOAT_FESTIVAL,2025_PICKERING_DRAGON_BOAT_FESTIVAL-21,2025-06-07,13:24,21,24U-PS Mixed A,Championship,200,2,Iron Dragons Blue,,4,00:48.7,
2025_PICKERING_DRAGON_BOAT_FESTIVAL,2025_PICKERING_DRAGON_BOAT_FESTIVAL-21,2025-06-07,13:24,21,24U-PS Mixed A,Championship,200,3,NDUC Golden Hydras,,3,00:48.4,
2025_PICKERING_DRAGON_BOAT_FESTIVAL,2025_PICKERING_DRAGON_BOAT_FESTIVAL-21,2025-06-07,13:24,21,24U-PS Mixed A,Championship,200,4,Iron Dragons Gold,,2,00:47.3,
2025_PICKERING_DRAGON_BOAT_FESTIVAL,2025_PICKERING_DRAGON_BOAT_FESTIVAL-21,2025-06-07,13:24,21,24U-PS Mixed A,Championship,200,5,NDUC Jade Dragons,,1,00:45.7,
2025_PICKERING_DRAGON_BOAT_FESTIVAL,2025_PICKERING_DRAGON_BOAT_FESTIVAL-22,2025-06-07,13:36,22,Small Women,Championship,200,3,PDBC Sr B  Pan Am Women,,3,01:03.6,
2025_PICKERING_DRAGON_BOAT_FESTIVAL,2025_PICKERING_DRAGON_BOAT_FESTIVAL-22,2025-06-07,13:36,22,Small Women,Championship,200,4,PDBC Sr B Women,,2,00:56.1,
2025_PICKERING_DRAGON_BOAT_FESTIVAL,2025_PICKERING_DRAGON_BOAT_FESTIVAL-22,2025-06-07,13:36,22,Small Women,Championship,200,5,Liquid LaFemmes,,1,00:52.1,
2025_PICKERING_DRAGON_BOAT_FESTIVAL,2025_PICKERING_DRAGON_BOAT_FESTIVAL-23,2025-06-07,13:48,23,Small Open,Championship,200,4,Liquid LaGoonies,,2,00:49.8,
2025_PICKERING_DRAGON_BOAT_FESTIVAL,2025_PICKERING_DRAGON_BOAT_FESTIVAL-23,2025-06-07,13:48,23,Small Open,Championship,200,5,PDBC Sr B  Open,,1,00:49.1,
2025_PICKERING_DRAGON_BOAT_FESTIVAL,2025_PICKERING_DRAGON_BOAT_FESTIVAL-24,2025-06-07,14:12,24,Rec Women A,Championship,500,1,Tim's Tribe,,5,02:42.2,
2025_PICKERING_DRAGON_BOAT_FESTIVAL,2025_PICKERING_DRAGON_BOAT_FESTIVAL-24,2025-06-07,14:12,24,Rec Women A,Championship,500,2,Miller Magic,,4,02:38.1,
2025_PICKERING_DRAGON_BOAT_FESTIVAL,2025_PICKERING_DRAGON_BOAT_FESTIVAL-24,2025-06-07,14:12,24,Rec Women A,Championship,500,3,PDBC Revved Up!,,3,02:24.6,
2025_PICKERING_DRAGON_BOAT_FESTIVAL,2025_PICKERING_DRAGON_BOAT_FESTIVAL-24,2025-06-07,14:12,24,Rec Women A,Championship,500,4,EVO CSDC Sr C,,1,02:19.8,
2025_PICKERING_DRAGON_BOAT_FESTIVAL,2025_PICKERING_DRAGON_BOAT_FESTIVAL-24,2025-06-07,14:12,24,Rec Women A,Championship,500,5,PDBC Hana Nui Red,,2,02:20.8,
2025_PICKERING_DRAGON_BOAT_FESTIVAL,2025_PICKERING_DRAGON_BOAT_FESTIVAL-25,2025-06-07,14:24,25,"Rec Women B  + 
Rec Open A",Championship,500,1,EVO CSDC Sr C (Rec Open),,1,02:08.8,
2025_PICKERING_DRAGON_BOAT_FESTIVAL,2025_PICKERING_DRAGON_BOAT_FESTIVAL-25,2025-06-07,14:24,25,"Rec Women B  + 
Rec Open A",Championship,500,3,Cobourg survivor thrivers,,3,02:51.6,
2025_PICKERING_DRAGON_BOAT_FESTIVAL,2025_PICKERING_DRAGON_BOAT_FESTIVAL-25,2025-06-07,14:24,25,"Rec Women B  + 
Rec Open A",Championship,500,4,Brett's Brood,,2,02:38.5,
2025_PICKERING_DRAGON_BOAT_FESTIVAL,2025_PICKERING_DRAGON_BOAT_FESTIVAL-25,2025-06-07,14:24,25,"Rec Women B  + 
Rec Open A",Championship,500,5,PDBC Fired Up!,,1,02:36.3,
2025_PICKERING_DRAGON_BOAT_FESTIVAL,2025_PICKERING_DRAGON_BOAT_FESTIVAL-26,2025-06-07,14:36,26,Community Mixed,Championship,500,2,Dragon Tales,,,dns,
2025_PICKERING_DRAGON_BOAT_FESTIVAL,2025_PICKERING_DRAGON_BOAT_FESTIVAL-26,2025-06-07,14:36,26,Community Mixed,Championship,500,3,Motthers of Dragons,,3,02:51.9,
2025_PICKERING_DRAGON_BOAT_FESTIVAL,2025_PICKERING_DRAGON_BOAT_FESTIVAL-26,2025-06-07,14:36,26,Community Mixed,Championship,500,4,Scugog Lakers,,2,02:33.8,
2025_PICKERING_DRAGON_BOAT_FESTIVAL,2025_PICKERING_DRAGON_BOAT_FESTIVAL-26,2025-06-07,14:36,26,Community Mixed,Championship,500,5,NAYGN Atomic Power Dragons,,1,02:27.6,
2025_PICKERING_DRAGON_BOAT_FESTIVAL,2025_PICKERING_DRAGON_BOAT_FESTIVAL-27,2025-06-07,14:48,27,Rec Mixed C,Championship,500,2,Wahoos,,4,02:43.5,
2025_PICKERING_DRAGON_BOAT_FESTIVAL,2025_PICKERING_DRAGON_BOAT_FESTIVAL-27,2025-06-07,14:48,27,Rec Mixed C,Championship,500,3,Mon Sheong Red Panda,,3,02:25.6,
2025_PICKERING_DRAGON_BOAT_FESTIVAL,2025_PICKERING_DRAGON_BOAT_FESTIVAL-27,2025-06-07,14:48,27,Rec Mixed C,Championship,500,4,Bell Blue Dragons,,1,02:23.0,
2025_PICKERING_DRAGON_BOAT_FESTIVAL,2025_PICKERING_DRAGON_BOAT_FESTIVAL-27,2025-06-07,14:48,27,Rec Mixed C,Championship,500,5,Windburn,,2,02:25.3,
2025_PICKERING_DRAGON_BOAT_FESTIVAL,2025_PICKERING_DRAGON_BOAT_FESTIVAL-28,2025-06-07,15:00,28,Rec Mixed B,Championship,500,1,Tribal Aloha,,4,02:25.8,
2025_PICKERING_DRAGON_BOAT_FESTIVAL,2025_PICKERING_DRAGON_BOAT_FESTIVAL-28,2025-06-07,15:00,28,Rec Mixed B,Championship,500,2,PDBC Blue,,5,02:28.2,
2025_PICKERING_DRAGON_BOAT_FESTIVAL,2025_PICKERING_DRAGON_BOAT_FESTIVAL-28,2025-06-07,15:00,28,Rec Mixed B,Championship,500,3,Icebreakers,,3,02:21.3,
2025_PICKERING_DRAGON_BOAT_FESTIVAL,2025_PICKERING_DRAGON_BOAT_FESTIVAL-28,2025-06-07,15:00,28,Rec Mixed B,Championship,500,4,PDBC 18U Mixed,,1,02:15.5,
2025_PICKERING_DRAGON_BOAT_FESTIVAL,2025_PICKERING_DRAGON_BOAT_FESTIVAL-28,2025-06-07,15:00,28,Rec Mixed B,Championship,500,5,YCPC Dragons,,2,02:15.6,
2025_PICKERING_DRAGON_BOAT_FESTIVAL,2025_PICKERING_DRAGON_BOAT_FESTIVAL-29,2025-06-07,15:12,29,Rec Mixed A,Championship,500,1,James' Gang,,5,02:23.9,
2025_PICKERING_DRAGON_BOAT_FESTIVAL,2025_PICKERING_DRAGON_BOAT_FESTIVAL-29,2025-06-07,15:12,29,Rec Mixed A,Championship,500,2,Paddlers Anonymous daBoat,,4,02:20.2,
2025_PICKERING_DRAGON_BOAT_FESTIVAL,2025_PICKERING_DRAGON_BOAT_FESTIVAL-29,2025-06-07,15:12,29,Rec Mixed A,Championship,500,3,Hydroshock,,2,02:11.4,
2025_PICKERING_DRAGON_BOAT_FESTIVAL,2025_PICKERING_DRAGON_BOAT_FESTIVAL-29,2025-06-07,15:12,29,Rec Mixed A,Championship,500,4,Shockwave DBC,,3,02:11.9,
2025_PICKERING_DRAGON_BOAT_FESTIVAL,2025_PICKERING_DRAGON_BOAT_FESTIVAL-29,2025-06-07,15:12,29,Rec Mixed A,Championship,500,5,True North Leviathan Gold,,1,02:10.2,
2025_PICKERING_DRAGON_BOAT_FESTIVAL,2025_PICKERING_DRAGON_BOAT_FESTIVAL-30,2025-06-07,15:24,30,24U-PS Mixed C,Championship,500,3,UTSC Crimson Dragons,,3,02:16.6,
2025_PICKERING_DRAGON_BOAT_FESTIVAL,2025_PICKERING_DRAGON_BOAT_FESTIVAL-30,2025-06-07,15:24,30,24U-PS Mixed C,Championship,500,4,Holy Mac-Row,,1,02:01.7,
2025_PICKERING_DRAGON_BOAT_FESTIVAL,2025_PICKERING_DRAGON_BOAT_FESTIVAL-30,2025-06-07,15:24,30,24U-PS Mixed C,Championship,500,5,NDUC Diamond Ducks,,2,02:15.2,
2025_PICKERING_DRAGON_BOAT_FESTIVAL,2025_PICKERING_DRAGON_BOAT_FESTIVAL-31,2025-06-07,15:36,31,24U-PS Mixed B,Championship,500,3,Dragon Warriors,,3,02:12.3,
2025_PICKERING_DRAGON_BOAT_FESTIVAL,2025_PICKERING_DRAGON_BOAT_FESTIVAL-31,2025-06-07,15:36,31,24U-PS Mixed B,Championship,500,4,RC Liquid Assets Bears,,2,02:11.2,
2025_PICKERING_DRAGON_BOAT_FESTIVAL,2025_PICKERING_DRAGON_BOAT_FESTIVAL-31,2025-06-07,15:36,31,24U-PS Mixed B,Championship,500,5,Holy Mac-a-Row-ni,,1,02:11.0,
2025_PICKERING_DRAGON_BOAT_FESTIVAL,2025_PICKERING_DRAGON_BOAT_FESTIVAL-32,2025-06-07,15:48,32,24U-PS Mixed A,Championship,500,1,RC Liquid Assets Bulls,,5,02:08.4,
2025_PICKERING_DRAGON_BOAT_FESTIVAL,2025_PICKERING_DRAGON_BOAT_FESTIVAL-32,2025-06-07,15:48,32,24U-PS Mixed A,Championship,500,2,Iron Dragons Blue,,4,02:07.7,
2025_PICKERING_DRAGON_BOAT_FESTIVAL,2025_PICKERING_DRAGON_BOAT_FESTIVAL-32,2025-06-07,15:48,32,24U-PS Mixed A,Championship,500,3,NDUC Golden Hydras,,3,02:07.1,
2025_PICKERING_DRAGON_BOAT_FESTIVAL,2025_PICKERING_DRAGON_BOAT_FESTIVAL-32,2025-06-07,15:48,32,24U-PS Mixed A,Championship,500,4,Iron Dragons Gold,,2,02:05.7,
2025_PICKERING_DRAGON_BOAT_FESTIVAL,2025_PICKERING_DRAGON_BOAT_FESTIVAL-32,2025-06-07,15:48,32,24U-PS Mixed A,Championship,500,5,NDUC Jade Dragons,,1,02:03.2,
2025_PICKERING_DRAGON_BOAT_FESTIVAL,2025_PICKERING_DRAGON_BOAT_FESTIVAL-33,2025-06-07,16:00,33,Small Open/Women,Championship,500,0,Liquid LaGoonies,,1,02:12.2,
2025_PICKERING_DRAGON_BOAT_FESTIVAL,2025_PICKERING_DRAGON_BOAT_FESTIVAL-33,2025-06-07,16:00,33,Small Open/Women,Championship,500,1,PDBC Sr B Open,,2,02:13.8,
2025_PICKERING_DRAGON_BOAT_FESTIVAL,2025_PICKERING_DRAGON_BOAT_FESTIVAL-33,2025-06-07,16:00,33,Small Open/Women,Championship,500,3,PDBC Sr B Pan Am Women,,3,02:49.1,
2025_PICKERING_DRAGON_BOAT_FESTIVAL,2025_PICKERING_DRAGON_BOAT_FESTIVAL-33,2025-06-07,16:00,33,Small Open/Women,Championship,500,4,PDBC Sr B Women,,2,02:32.8,
2025_PICKERING_DRAGON_BOAT_FESTIVAL,2025_PICKERING_DRAGON_BOAT_FESTIVAL-33,2025-06-07,16:00,33,Small Open/Women,Championship,500,5,Liquid LaFemmes,,1,02:25.6,
2025_PICKERING_DRAGON_BOAT_FESTIVAL,2025_PICKERING_DRAGON_BOAT_FESTIVAL-35,2025-06-07,16:44,35,Small Women + Open,Championship,2000,6,Liquid LaGoonies,,2,12:11.8,
2025_PICKERING_DRAGON_BOAT_FESTIVAL,2025_PICKERING_DRAGON_BOAT_FESTIVAL-35,2025-06-07,16:44,35,Small Women + Open,Championship,2000,7,PDBC Sr B Open,,1,11:39.3,
2025_PICKERING_DRAGON_BOAT_FESTIVAL,2025_PICKERING_DRAGON_BOAT_FESTIVAL-35,2025-06-07,16:44,35,Small Women + Open,Championship,2000,8,PDBC Sr B Pan Am Women,,3,16:16.7,
2025_PICKERING_DRAGON_BOAT_FESTIVAL,2025_PICKERING_DRAGON_BOAT_FESTIVAL-35,2025-06-07,16:44,35,Small Women + Open,Championship,2000,9,PDBC Sr B Women,,2,14:04.2,
2025_PICKERING_DRAGON_BOAT_FESTIVAL,2025_PICKERING_DRAGON_BOAT_FESTIVAL-35,2025-06-07,16:44,35,Small Women + Open,Championship,2000,10,Liquid LaFemmes,,1,13:08.6,
